,,,,,weight (g),width relaxed,height relaxed,width stretched,height stretched,,,,,,,,,,,,,,
,,,std dev,std dev,0.13,9.11,5.77,13.53,10.26,,,,,,,,,,,,,,
,,,median,median,3.98,103.00,82.00,171.00,100.00,,,,,,,,,,,,,,
,,,average,average,3.98,103.00,82.47,171.28,100.98,,,,,,,,,,,,,,
,,,max,max,4.37,129.00,101.00,227.00,179.00,,,,,,,,,,,,,,
,,,min,min,3.26,77.00,65.00,121.00,67.00,,,,,,,,,,,#DIV/0!,,,
knit?,datID,datPos,patternName,"if reprocessed, new ID",weight (g),width relaxed,height relaxed,width stretched,height stretched,KnitPaint error or other knitting notes,double decrease (in SM set),toMachine error,dataset,photo relaxed,photo stretched,Relaxed Width Gauge (st/mm),Relaxed Height Gauge (row/mm),Stretched Width Gauge (st/mm),Stretched Height Gauge (row/mm),Relaxed Width Gauge (st/in),Relaxed Height Gauge (row/in),Stretched Width Gauge (st/in),Stretched Height Gauge (row/in)
,,,,,,,,,,"note ""ESC"" = ""essential stitch collection"", ""SM"" = ""stitch maps""",,,,,,,,,,,,,
x,1,1,001Garter_out.chart,200_2,3.89,111,64,161,99,has been reknit to get photos (original swatch was left stretching for some time),,false ,ESC,,,0.5405405405,0.9375,0.3726708075,0.6060606061,13.72972973,23.8125,9.465838509,15.39393939
x,1,2,002FourRowWelting_out.chart,,3.79,111,56,280,70,,,false ,ESC,,,0.5405405405,1.071428571,0.2142857143,0.8571428571,13.72972973,27.21428571,5.442857143,21.77142857
x,1,3,003GarterWelting_out.chart,,3.92,106,61,202,74,,,false ,ESC,,,0.5660377358,0.9836065574,0.297029703,0.8108108108,14.37735849,24.98360656,7.544554455,20.59459459
x,2,1,004Stockinette_out.chart,,3.93,99,84,175,80,,,false ,ESC,,,0.6060606061,0.7142857143,0.3428571429,0.75,15.39393939,18.14285714,8.708571429,19.05
x,2,2,005ReverseStockinette_out.chart,,3.85,100,78,181,86,,,false ,ESC,,,0.6,0.7692307692,0.3314917127,0.6976744186,15.24,19.53846154,8.419889503,17.72093023
x,2,3,006Seed_out.chart,,4.21,119,85,244,95,,,false ,ESC,,,0.5042016807,0.7058823529,0.2459016393,0.6315789474,12.80672269,17.92941176,6.245901639,16.04210526
x,3,1,007Moss_out.chart,,4.20,103,104,215,90,,,false ,ESC,,,0.5825242718,0.5769230769,0.2790697674,0.6666666667,14.7961165,14.65384615,7.088372093,16.93333333
x,3,2,008SmallBlocks_out.chart,,4.05,107,84,202,92,,,false ,ESC,,,0.5607476636,0.7142857143,0.297029703,0.652173913,14.24299065,18.14285714,7.544554455,16.56521739
x,3,3,009k1p1rib_out.chart,,4.23,71,103,210,104,,,false ,ESC,,,0.8450704225,0.5825242718,0.2857142857,0.5769230769,21.46478873,14.7961165,7.257142857,14.65384615
x,4,1,010TwistedRib_out.chart,,4.37,73,101,215,106,not actually really twisted- technically just a rib,,false ,ESC,,,0.8219178082,0.5940594059,0.2790697674,0.5660377358,20.87671233,15.08910891,7.088372093,14.37735849
x,4,2,011BrokenSingleRib_out.chart,,4.09,97,86,218,75,,,false ,ESC,,,0.618556701,0.6976744186,0.2752293578,0.8,15.71134021,17.72093023,6.990825688,20.32
x,4,3,012Ribk2p2_out.chart,,4.12,61,95,179,86,,,false ,ESC,,,0.9836065574,0.6315789474,0.3351955307,0.6976744186,24.98360656,16.04210526,8.51396648,17.72093023
x,5,1,013BrokenDoubleRib_out.chart,,4.07,94,80,210,70,,,false ,ESC,,,0.6382978723,0.75,0.2857142857,0.8571428571,16.21276596,19.05,7.257142857,21.77142857
x,5,2,014TuckedRib_out.chart,,4.14,84,89,224,75,,,false ,ESC,,,0.7142857143,0.6741573034,0.2678571429,0.8,18.14285714,17.12359551,6.803571429,20.32
x,5,3,015KPDiagonals_out.chart,,4.07,103,81,200,80,,,false ,ESC,,,0.5825242718,0.7407407407,0.3,0.75,14.7961165,18.81481481,7.62,19.05
x,6,1,016LozengesStitch_out.chart,,4.04,110,75,206,81,,,false ,ESC,,,0.5454545455,0.8,0.2912621359,0.7407407407,13.85454545,20.32,7.398058252,18.81481481
x,6,2,017SquaresInSquares_out.chart,,3.98,98,80,199,81,,,false ,ESC,,,0.612244898,0.75,0.3015075377,0.7407407407,15.55102041,19.05,7.658291457,18.81481481
x,6,3,018SeedDiamond_out.chart,,4.13,82,111,200,96,,,false ,ESC,,,0.7317073171,0.5405405405,0.3,0.625,18.58536585,13.72972973,7.62,15.875
x,7,1,019MossStitchDiamonds_out.chart,,4.15,102,92,195,91,,,false ,ESC,,,0.5882352941,0.652173913,0.3076923077,0.6593406593,14.94117647,16.56521739,7.815384615,16.74725275
x,7,2,020DiamondBrocade_out.chart,,4.05,96,88,199,89,,,false ,ESC,,,0.625,0.6818181818,0.3015075377,0.6741573034,15.875,17.31818182,7.658291457,17.12359551
,false ,false ,022BiasStockinetteStitch_out.chart,,,,,,,,,This pattern requires an increase.,ESC,,,#DIV/0!,#DIV/0!,#DIV/0!,#DIV/0!,-1,#DIV/0!,#DIV/0!,#DIV/0!
x,7,3,023StarsBrocade_out.chart,,4.11,105,83,147,110,,,false ,ESC,,,0.5714285714,0.7228915663,0.4081632653,0.5454545455,14.51428571,18.36144578,10.36734694,13.85454545
x,8,1,024EmbossedHexagons_out.chart,,4.04,101,80,189,83,,,false ,ESC,,,0.5940594059,0.75,0.3174603175,0.7228915663,15.08910891,19.05,8.063492063,18.36144578
x,8,2,025EmbossedPennants_out.chart,,4.10,103,85,196,91,,,false ,ESC,,,0.5825242718,0.7058823529,0.306122449,0.6593406593,14.7961165,17.92941176,7.775510204,16.74725275
x,8,3,027EmbossedChevrons_out.chart,,4.10,104,80,160,96,,,false ,ESC,,,0.5769230769,0.75,0.375,0.625,14.65384615,19.05,9.525,15.875
x,9,1,028BrocadeNet_out.chart,,4.14,104,83,139,91,,,false ,ESC,,,0.5769230769,0.7228915663,0.4316546763,0.6593406593,14.65384615,18.36144578,10.96402878,16.74725275
x,9,2,029EmbossedMossDiamonds_out.chart,,4.15,104,95,201,95,,,false ,ESC,,,0.5769230769,0.6315789474,0.2985074627,0.6315789474,14.65384615,16.04210526,7.582089552,16.04210526
x,9,3,032Star_out.chart,,4.11,106,83,215,81,,,false ,ESC,,,0.5660377358,0.7228915663,0.2790697674,0.7407407407,14.37735849,18.36144578,7.088372093,18.81481481
x,10,1,033PlaidWeave_out.chart,,4.02,104,68,144,96,,,false ,ESC,,,0.5769230769,0.8823529412,0.4166666667,0.625,14.65384615,22.41176471,10.58333333,15.875
x,10,2,034BrokenRibBacketWeave_out.chart,,4.01,101,79,143,90,,,false ,ESC,,,0.5940594059,0.7594936709,0.4195804196,0.6666666667,15.08910891,19.29113924,10.65734266,16.93333333
,false ,false ,035BlackberryStitch_out.chart,,4.13,,,,,,,This pattern requires an increase.,ESC,,,#DIV/0!,#DIV/0!,#DIV/0!,#DIV/0!,-1,#DIV/0!,#DIV/0!,#DIV/0!
x,10,3,037SubtleTwist_out.chart,,3.93,93,80,129,86,,,false ,ESC,,,0.6451612903,0.75,0.4651162791,0.6976744186,16.38709677,19.05,11.81395349,17.72093023
x,11,1,038WheatearRib_out.chart,,4.13,80,85,141,100,,,false ,ESC,,,0.75,0.7058823529,0.4255319149,0.6,19.05,17.92941176,10.80851064,15.24
x,11,2,039TexturedTrellis_out.chart,,4.11,95,86,151,85,,,false ,ESC,,,0.6315789474,0.6976744186,0.3973509934,0.7058823529,16.04210526,17.72093023,10.09271523,17.92941176
x,11,3,040GarterDiamond_out.chart,,4.01,96,79,150,94,,,false ,ESC,,,0.625,0.7594936709,0.4,0.6382978723,15.875,19.29113924,10.16,16.21276596
x,12,1,041LittleLattice_out.chart,,4.16,86,87,150,93,,,false ,ESC,,,0.6976744186,0.6896551724,0.4,0.6451612903,17.72093023,17.51724138,10.16,16.38709677
x,12,2,043RocketTrail_out.chart,,3.82,99,83,178,85,,,false ,ESC,,,0.6060606061,0.7228915663,0.3370786517,0.7058823529,15.39393939,18.36144578,8.561797753,17.92941176
x,12,3,044InterlacedRib_out.chart,,3.91,85,89,150,100,,,false ,ESC,,,0.7058823529,0.6741573034,0.4,0.6,17.92941176,17.12359551,10.16,15.24
x,13,1,045DoubleInterlacedLattice_out.chart,,4.01,89,87,167,81,,,false ,ESC,,,0.6741573034,0.6896551724,0.3592814371,0.7407407407,17.12359551,17.51724138,9.125748503,18.81481481
x,13,2,047GrilleAndTwistPanel_out.chart,,4.08,86,88,164,99,,,false ,ESC,,,0.6976744186,0.6818181818,0.3658536585,0.6060606061,17.72093023,17.31818182,9.292682927,15.39393939
x,13,3,049TravelingTwists_out.chart,,4.27,86,91,163,91,,,false ,ESC,,,0.6976744186,0.6593406593,0.3680981595,0.6593406593,17.72093023,16.74725275,9.349693252,16.74725275
x,14,1,051TwistedMockCables_out.chart,,4.11,89,88,155,71,,,false ,ESC,,,0.6741573034,0.6818181818,0.3870967742,0.8450704225,17.12359551,17.31818182,9.832258065,21.46478873
x,14,2,052TwistedStemLeaves_out.chart,,3.96,94,83,160,83,,,false ,ESC,,,0.6382978723,0.7228915663,0.375,0.7228915663,16.21276596,18.36144578,9.525,18.36144578
x,14,3,053OpenClosedDiagonals_out.chart,,3.94,104,74,155,86,,,false ,ESC,,,0.5769230769,0.8108108108,0.3870967742,0.6976744186,14.65384615,20.59459459,9.832258065,17.72093023
x,15,1,055BraidedRib_out.chart,,3.92,88,73,156,70,,,false ,ESC,,,0.6818181818,0.8219178082,0.3846153846,0.8571428571,17.31818182,20.87671233,9.769230769,21.77142857
x,15,2,056Lightning_out.chart,,3.95,97,75,163,78,,,false ,ESC,,,0.618556701,0.8,0.3680981595,0.7692307692,15.71134021,20.32,9.349693252,19.53846154
x,15,3,058PairedLeaves_out.chart,,4.06,91,82,159,86,,,false ,ESC,,,0.6593406593,0.7317073171,0.3773584906,0.6976744186,16.74725275,18.58536585,9.58490566,17.72093023
x,16,1,059TeaxturedWaves_out.chart,,4.17,105,85,186,90,,,false ,ESC,,,0.5714285714,0.7058823529,0.3225806452,0.6666666667,14.51428571,17.92941176,8.193548387,16.93333333
x,16,2,060MiniMockCableLattice_out.chart,,4.11,87,85,170,78,,,false ,ESC,,,0.6896551724,0.7058823529,0.3529411765,0.7692307692,17.51724138,17.92941176,8.964705882,19.53846154
x,16,3,062Illusion_out.chart,,3.92,91,77,148,75,,,false ,ESC,,,0.6593406593,0.7792207792,0.4054054054,0.8,16.74725275,19.79220779,10.2972973,20.32
x,17,1,064Reed_out.chart,,4.07,90,84,161,95,front/back side flip bug in pattern (repeat is wrong-side),,false ,ESC,,,0.6666666667,0.7142857143,0.3726708075,0.6315789474,16.93333333,18.14285714,9.465838509,16.04210526
x,17,2,066DoubleBranchingRib_out.chart,,4.03,89,88,182,86,,,false ,ESC,,,0.6741573034,0.6818181818,0.3296703297,0.6976744186,17.12359551,17.31818182,8.373626374,17.72093023
x,17,3,068EngravedDiamonds_out.chart,,3.88,91,79,154,71,,,false ,ESC,,,0.6593406593,0.7594936709,0.3896103896,0.8450704225,16.74725275,19.29113924,9.896103896,21.46478873
x,18,1,070InterwovenDiamonds_out.chart,201_1,3.88,92,65,125,87,reknit -- some dropped/weak stitches,,false ,ESC,,,0.652173913,0.9230769231,0.48,0.6896551724,16.56521739,23.44615385,12.192,17.51724138
,false ,false ,074WovenCable_out.chart,,,,,,,fails to pass toMachine because 3x3 cable,,Error: Operation Error: trying to xfer from empty needle b-60.,ESC,,,#DIV/0!,#DIV/0!,#DIV/0!,#DIV/0!,-1,#DIV/0!,#DIV/0!,#DIV/0!
x,18,2,075Chain_out.chart,,3.87,84,71,120,80,,,false ,ESC,,,0.7142857143,0.8450704225,0.5,0.75,18.14285714,21.46478873,12.7,19.05
x,18,3,075WavesL_out.chart,,3.91,81,72,120,77,,,false ,ESC,,,0.7407407407,0.8333333333,0.5,0.7792207792,18.81481481,21.16666667,12.7,19.79220779
x,19,1,075WavesR_out.chart,,3.89,81,72,120,80,,,false ,ESC,,,0.7407407407,0.8333333333,0.5,0.75,18.81481481,21.16666667,12.7,19.05
x,19,2,076DoubleHoneyComb_out.chart,,3.87,89,75,124,88,,,false ,ESC,,,0.6741573034,0.8,0.4838709677,0.6818181818,17.12359551,20.32,12.29032258,17.31818182
x,19,3,077RopeAndHoop_out.chart,,3.80,81,83,131,100,,,false ,ESC,,,0.7407407407,0.7228915663,0.4580152672,0.6,18.81481481,18.36144578,11.63358779,15.24
x,20,1,078CrackerChecks_out.chart,,3.98,91,79,170,80,k/p inversion? ask megan (update: megan says this one is supposed to look like this),,false ,ESC,,,0.6593406593,0.7594936709,0.3529411765,0.75,16.74725275,19.29113924,8.964705882,19.05
x,20,2,079DiagonalL_out.chart,,3.95,83,73,125,72,,,false ,ESC,,,0.7228915663,0.8219178082,0.48,0.8333333333,18.36144578,20.87671233,12.192,21.16666667
x,20,3,079DiagonalR_out.chart,,3.98,81,77,123,73,,,false ,ESC,,,0.7407407407,0.7792207792,0.487804878,0.8219178082,18.81481481,19.79220779,12.3902439,20.87671233
x,21,1,079StagHorn_out.chart,,3.91,86,76,130,91,,,false ,ESC,,,0.6976744186,0.7894736842,0.4615384615,0.6593406593,17.72093023,20.05263158,11.72307692,16.74725275
x,21,2,080WeatearCable_out.chart,,4.04,81,79,153,74,,,false ,ESC,,,0.7407407407,0.7594936709,0.3921568627,0.8108108108,18.81481481,19.29113924,9.960784314,20.59459459
x,21,3,081OffCenterCable_out.chart,,4.11,86,84,177,75,,,false ,ESC,,,0.6976744186,0.7142857143,0.3389830508,0.8,17.72093023,18.14285714,8.610169492,20.32
x,22,1,083Braid_out.chart,,4.02,80,70,114,72,,,false ,ESC,,,0.75,0.8571428571,0.5263157895,0.8333333333,19.05,21.77142857,13.36842105,21.16666667
x,22,2,083XO_out.chart,,4.04,86,68,119,86,,,false ,ESC,,,0.6976744186,0.8823529412,0.5042016807,0.6976744186,17.72093023,22.41176471,12.80672269,17.72093023
x,22,3,084NarrowRopeB_out.chart,,3.90,84,72,120,85,,,false ,ESC,,,0.7142857143,0.8333333333,0.5,0.7058823529,18.14285714,21.16666667,12.7,17.92941176
,false ,false ,084WideRopeB_out.chart,,,,,,,fails to pass toMachine because 3x3 cable,,Error: Operation Error: trying to xfer from empty needle b-60.,ESC,,,#DIV/0!,#DIV/0!,#DIV/0!,#DIV/0!,#DIV/0!,#DIV/0!,#DIV/0!,#DIV/0!
,false ,false ,084WideRopeF_out.chart,,,,,,,fails to pass toMachine because 3x3 cable,,Error: Operation Error: trying to xfer from empty needle b-60.,ESC,,,#DIV/0!,#DIV/0!,#DIV/0!,#DIV/0!,#DIV/0!,#DIV/0!,#DIV/0!,#DIV/0!
x,23,1,085InterlockingDiagonals_out.chart,,4.06,86,76,134,85,,,false ,ESC,,,0.6976744186,0.7894736842,0.447761194,0.7058823529,17.72093023,20.05263158,11.37313433,17.92941176
x,23,2,085NarrowRopeF_out.chart,201_2,3.91,89,63,116,87,a few dropped stitches,,false ,ESC,,,0.6741573034,0.9523809524,0.5172413793,0.6896551724,17.12359551,24.19047619,13.13793103,17.51724138
x,23,3,086Zigzagbranch_out.chart,,4.24,90,80,139,92,,,false ,ESC,,,0.6666666667,0.75,0.4316546763,0.652173913,16.93333333,19.05,10.96402878,16.56521739
x,24,1,087OpenZigZag_out.chart,,3.85,100,80,151,82,,,false ,ESC,,,0.6,0.75,0.3973509934,0.7317073171,15.24,19.05,10.09271523,18.58536585
x,24,2,091CableNetwork_out.chart,,4.01,83,80,124,92,,,false ,ESC,,,0.7228915663,0.75,0.4838709677,0.652173913,18.36144578,19.05,12.29032258,16.56521739
,false ,false ,093GarterDiamondCablePanel_out.chart,,,,,,,fails to pass toMachine because 3x2 cable,,Error: Operation Error: trying to xfer from empty needle b-60.,ESC,,,#DIV/0!,#DIV/0!,#DIV/0!,#DIV/0!,#DIV/0!,#DIV/0!,#DIV/0!,#DIV/0!
x,24,3,094GrandDiamondPanel_out.chart,,3.99,95,79,162,76,,,false ,ESC,,,0.6315789474,0.7594936709,0.3703703704,0.7894736842,16.04210526,19.29113924,9.407407407,20.05263158
x,25,1,096DoubleCross_out.chart,,4.10,90,78,141,93,,,false ,ESC,,,0.6666666667,0.7692307692,0.4255319149,0.6451612903,16.93333333,19.53846154,10.80851064,16.38709677
x,25,2,097DiagonalDiamond_out.chart,,4.04,93,83,156,80,,,false ,ESC,,,0.6451612903,0.7228915663,0.3846153846,0.75,16.38709677,18.36144578,9.769230769,19.05
,false ,false ,098InterlacedBraid_out.chart,,,,,,,,,Error: Operation Error: trying to xfer from empty needle b-60.,ESC,,,#DIV/0!,#DIV/0!,#DIV/0!,#DIV/0!,#DIV/0!,#DIV/0!,#DIV/0!,#DIV/0!
/,25,3,103OverAndUnderCablePanel_out.chart,202_1,4.02,82,76,123,96,reknit because dropped stitch; stitches dropped (cable strain) even with new transfer planning,,false ,ESC,,,#REF!,0.7317073171,0.487804878,0.625,#REF!,18.58536585,12.3902439,15.875
x,26,1,104FramedDiamond_out.chart,300_1,4.14,88,78,151,101,,,false ,ESC,,,0.6818181818,0.7692307692,0.3973509934,0.5940594059,17.31818182,19.53846154,10.09271523,15.08910891
,false ,false ,107Chain_out.chart,,,,,,,,,Error: Operation Error: trying to xfer from empty needle b-60.,ESC,,,#DIV/0!,#DIV/0!,#DIV/0!,#DIV/0!,#DIV/0!,#DIV/0!,#DIV/0!,#DIV/0!
x,26,2,122BabyShaleStitch_out.chart,202_2,3.94,102,71,151,101,continuous pickup (double decrease bug),,false ,ESC,,,0.5882352941,0.8450704225,0.3973509934,0.5940594059,14.94117647,21.46478873,10.09271523,15.08910891
x,26,3,123EyeLetRib_out.chart,300_2,4.11,95,90,172,113,,,false ,ESC,,,0.6315789474,0.6666666667,0.3488372093,0.5309734513,16.04210526,16.93333333,8.860465116,13.48672566
x,27,1,124SpotStitch_out.chart,,4.04,109,83,182,94,,,false ,ESC,,,0.5504587156,0.7228915663,0.3296703297,0.6382978723,13.98165138,18.36144578,8.373626374,16.21276596
x,27,2,125CloverPowdering_out.chart,,4.01,105,82,179,83,,,false ,ESC,,,0.5714285714,0.7317073171,0.3351955307,0.7228915663,14.51428571,18.58536585,8.51396648,18.36144578
x,27,3,126OpenDiamonds_out.chart,,3.94,107,86,192,77,,,false ,ESC,,,0.5607476636,0.6976744186,0.3125,0.7792207792,14.24299065,17.72093023,7.9375,19.79220779
x,28,1,127LaddersNarrow_out.chart,,3.90,102,85,193,80,,,false ,ESC,,,0.5882352941,0.7058823529,0.310880829,0.75,14.94117647,17.92941176,7.896373057,19.05
x,28,2,127LaddersWide_out.chart,203_1,4.06,92,88,169,111,"investigate -- maybe dropping stitches? maybe intentional.  pattern is called ""ladder"".  has now been reknit.",,false ,ESC,,,0.652173913,0.6818181818,0.3550295858,0.5405405405,16.56521739,17.31818182,9.017751479,13.72972973
x,28,3,128Fernleaf_out.chart,,3.91,108,82,172,87,,,false ,ESC,,,0.5555555556,0.7317073171,0.3488372093,0.6896551724,14.11111111,18.58536585,8.860465116,17.51724138
x,29,1,129BranchingFern_out.chart,203_2,3.83,94,84,151,91,double decrease bug? actually appears to not be a double decrease but a similar behavior. good test case for debugging.,,false ,ESC,,,0.6382978723,0.7142857143,0.3973509934,0.6593406593,16.21276596,18.14285714,10.09271523,16.74725275
x,29,2,131FourSpotLace_out.chart,300_3,3.93,101,78,172,100,,,false ,ESC,,,0.5940594059,0.7692307692,0.3488372093,0.6,15.08910891,19.53846154,8.860465116,15.24
/,29,3,132Confetti_out.chart,301_1,,,,,,Pattern just has a whole lot of transferring.  Every swatch of it has had a handful of dropped stitches.,,false ,ESC,,,#DIV/0!,#DIV/0!,#DIV/0!,#DIV/0!,#DIV/0!,#DIV/0!,#DIV/0!,#DIV/0!
x,30,1,133Harebell_out.chart,204_1,4.00,104,83,162,105,double decreases,,false ,ESC,,,0.5769230769,0.7228915663,0.3703703704,0.5714285714,14.65384615,18.36144578,9.407407407,14.51428571
x,30,2,136ZigZagLace_out.chart,,3.81,115,82,170,109,,,false ,ESC,,,0.5217391304,0.7317073171,0.3529411765,0.5504587156,13.25217391,18.58536585,8.964705882,13.98165138
x,30,3,137ChevronLace_out.chart,,3.85,105,79,174,81,,,false ,ESC,,,0.5714285714,0.7594936709,0.3448275862,0.7407407407,14.51428571,19.29113924,8.75862069,18.81481481
x,31,1,138DaisyLadder_out.chart,301_2,3.88,101,79,158,106,,,false ,ESC,,,0.5940594059,0.7594936709,0.3797468354,0.5660377358,15.08910891,19.29113924,9.64556962,14.37735849
x,31,2,139Crocus_out.chart,301_3,3.84,104,82,171,104,,,false ,ESC,,,0.5769230769,0.7317073171,0.350877193,0.5769230769,14.65384615,18.58536585,8.912280702,14.65384615
,31,3,140JeweledHeart_out.chart,204_2,4.00,101,84,164,108,chart was wrong size (probably happened when fixing the bad panel repeat); waiting for a new chart,,false ,ESC,,,0.5940594059,0.7142857143,0.3658536585,0.5555555556,15.08910891,18.14285714,9.292682927,14.11111111
x,32,1,142LacyPaisley_out.chart,302_1,3.99,105,77,166,92,,,false ,ESC,,,0.5714285714,0.7792207792,0.3614457831,0.652173913,14.51428571,19.79220779,9.180722892,16.56521739
x,32,2,143TrellisAndVine_out.chart,302_2,4.11,105,79,162/160,100/101,measured twice,,false ,ESC,,,0.5714285714,0.7594936709,#VALUE!,#VALUE!,14.51428571,19.29113924,#VALUE!,#VALUE!
x,32,3,144MoonFlower_out.chart,302_3,4.08,101,90,177,108,,,false ,ESC,,,0.5940594059,0.6666666667,0.3389830508,0.5555555556,15.08910891,16.93333333,8.610169492,14.11111111
/,33,1,146FiligreeHeart_out.chart,200_1,3.92,101,81,163,102,needs a repeat fix from megan,,false ,ESC,,,0.5940594059,0.7407407407,0.3680981595,0.5882352941,15.08910891,18.81481481,9.349693252,14.94117647
x,33,2,147DiamondWithDiamond_out.chart,,3.86,110,84,195,76,"lea needs to debug a double decrease, boo",,false ,ESC,,,0.5454545455,0.7142857143,0.3076923077,0.7894736842,13.85454545,18.14285714,7.815384615,20.05263158
x,33,3,148DoublDiamondMesh_out.chart,205_1,3.89,107,80,177,94,dropped stitches,,false ,ESC,,,0.5607476636,0.75,0.3389830508,0.6382978723,14.24299065,19.05,8.610169492,16.21276596
x,34,1,150Triangles_out.chart,303_1,3.81,101,83,182,94,,,false ,ESC,,,0.5940594059,0.7228915663,0.3296703297,0.6382978723,15.08910891,18.36144578,8.373626374,16.21276596
x,34,2,152OutlinedDaimonds_out.chart,205_2,3.86,105,80,165,97,has been reknit,,false ,ESC,,,0.5714285714,0.75,0.3636363636,0.618556701,14.51428571,19.05,9.236363636,15.71134021
x,34,3,154LittleBranches_out.chart,303_2,3.83,103,86,172,110,,,false ,ESC,,,0.5825242718,0.6976744186,0.3488372093,0.5454545455,14.7961165,17.72093023,8.860465116,13.85454545
x,35,1,155Lily_out.chart,206_1,3.94,104,82,164,98,"*one* dropped stitch, so probably mechanical, not code error",,false ,ESC,,,0.5769230769,0.7317073171,0.3658536585,0.612244898,14.65384615,18.58536585,9.292682927,15.55102041
x,35,2,157RibbedLeaves_out.chart,206_2,3.98,98,86,160,106,several dropped stitches,,false ,ESC,,,0.612244898,0.6976744186,0.375,0.5660377358,15.55102041,17.72093023,9.525,14.37735849
x,35,3,158FlowerGarden_out.chart,,3.93,101,86,185,82,,,false ,ESC,,,0.5940594059,0.6976744186,0.3243243243,0.7317073171,15.08910891,17.72093023,8.237837838,18.58536585
x,36,1,159FernLace_out.chart,207_1,3.92,105,79,153,101,dropped stitches,,false ,ESC,,,0.5714285714,0.7594936709,0.3921568627,0.5940594059,14.51428571,19.29113924,9.960784314,15.08910891
x,36,2,162DaisyLace_out.chart,207_2,3.88,106,80,161,95,dropped stitches,,false ,ESC,,,0.5660377358,0.75,0.3726708075,0.6315789474,14.37735849,19.05,9.465838509,16.04210526
,37,1,000No_out.chart,,3.98,98,88,157,101,double decrease bug (code error),x,false ,SM,,,0.612244898,0.6818181818,0.3821656051,0.5940594059,15.55102041,17.31818182,9.707006369,15.08910891
,37,2,0011_f909807e3256dfdf1fc151f54cc590e83fb9d750_out.chart,,4.06,101,86,183,95,double decrease bug (code error),x,false ,SM,,,0.5940594059,0.6976744186,0.3278688525,0.6315789474,15.08910891,17.72093023,8.327868852,16.04210526
,37,3,002a_82adc44e8f2d9f77613fbd236c9740a063c5a0fc_out.chart,,3.90,113,65,175,95,,,false ,SM,,,0.5309734513,0.9230769231,0.3428571429,0.6315789474,13.48672566,23.44615385,8.708571429,16.04210526
x,38,1,003O_6143a4a044fa80bc1958e97fbc0814593efd0b5d_out.chart,,3.87,101,87,173,80,,,false ,SM,,,0.5940594059,0.6896551724,0.3468208092,0.75,15.08910891,17.51724138,8.809248555,19.05
x,38,2,004FL_7b377e08c30e948417951e4d5ee722a1750cce05_out.chart,,3.85,110,81,162,119,,,false ,SM,,,0.5454545455,0.7407407407,0.3703703704,0.5042016807,13.85454545,18.81481481,9.407407407,12.80672269
/,38,3,005bat_34a0bae11b3751739fb449e2aba416b66a145be8_out.chart,,3.91,105,83,182,94,double decreases pass knitassist but are mechanically failing,x,false ,SM,,,0.5714285714,0.7228915663,0.3296703297,0.6382978723,14.51428571,18.36144578,8.373626374,16.21276596
,39,1,006hmm_e009fc6e0d715cf59bcd7fbb59ddd74fd0210f72_out.chart,,3.81,110,83,177,100,,,false ,SM,,,0.5454545455,0.7228915663,0.3389830508,0.6,13.85454545,18.36144578,8.610169492,15.24
,,,006hmm_e009fc6e0d715cf59bcd7fbb59ddd74fd0210f72_out.chart,,3.84,108,83,187,93,second measurement,,,,,,,,,,,,,
/,39,2,007Owl_af2ec3fb81ce6779c3ed82b48a9d76b7d05b23f2_out.chart,,3.90,92,80,171,84,"knit, but somehow lost its cables :(",,false ,SM,,,0.652173913,0.75,0.350877193,0.7142857143,16.56521739,19.05,8.912280702,18.14285714
,39,3,008Pid_e8843cb93439b1df55279dfae7cc2f7e88ca8987_out.chart,,4.15,83,95,227,87,,,false ,SM,,,0.7228915663,0.6315789474,0.2643171806,0.6896551724,18.36144578,16.04210526,6.713656388,17.51724138
,,,008Pid_e8843cb93439b1df55279dfae7cc2f7e88ca8987_out.chart,,4.16,83,94,182,121,second measurement,,,,,,,,,,,,,
,40,1,009stv_72059806309ddabda802dc431cbf0c3fb28101c6_out.chart,,4.08,99,79,164,99,,,false ,SM,,,0.6060606061,0.7594936709,0.3658536585,0.6060606061,15.39393939,19.29113924,9.292682927,15.39393939
,40,2,010heat_6d10dd69114c06680d304884fc652202c8fbe7a7_out.chart,,4.04,88,83,156,107,deliberate double YO,x,false ,SM,,,0.6818181818,0.7228915663,0.3846153846,0.5607476636,17.31818182,18.36144578,9.769230769,14.24299065
,40,3,011hmmm_77509b5688b18f9bb595efa5f3de88ad6442b711_out.chart,,3.93,104,83,169,95,,x,false ,SM,,,0.5769230769,0.7228915663,0.3550295858,0.6315789474,14.65384615,18.36144578,9.017751479,16.04210526
,41,1,012Lace_9b48b057c1b0f8f5fdfcaabedf7bc2cbf77d84ae_out.chart,,3.89,106,82,162,102,double decrease,x,false ,SM,,,0.5660377358,0.7317073171,0.3703703704,0.5882352941,14.37735849,18.58536585,9.407407407,14.94117647
,41,2,013Leaf_977b99e05aa73950ff7f2290ead96460b4967f6e_out.chart,,3.83,100,87,167,97,double decrease,x,false ,SM,,,0.6,0.6896551724,0.3592814371,0.618556701,15.24,17.51724138,9.125748503,15.71134021
,41,3,014Leaf_eaee905491961ef7c45926feec3ad7603db27ab5_out.chart,,3.87,103,85,168,99,double decrease,x,false ,SM,,,0.5825242718,0.7058823529,0.3571428571,0.6060606061,14.7961165,17.92941176,9.071428571,15.39393939
,42,1,015Leaf_f6cd6750191f5f193385f9e87fc017fedb41e1aa_out.chart,,4.05,104,84,179,97,,,false ,SM,,,0.5769230769,0.7142857143,0.3351955307,0.618556701,14.65384615,18.14285714,8.51396648,15.71134021
,42,2,016Moon_23664ccb0b50ad8c2c50b11699961606de18693f_out.chart,,3.83,109,85,174,108,,x,false ,SM,,,0.5504587156,0.7058823529,0.3448275862,0.5555555556,13.98165138,17.92941176,8.75862069,14.11111111
,42,3,017Rain_a10feadb15543908e16bd387c48b10f34dfa7cb2_out.chart,,3.77,107,83,173,92,,x,false ,SM,,,0.5607476636,0.7228915663,0.3468208092,0.652173913,14.24299065,18.36144578,8.809248555,16.56521739
,43,1,018seas_2530bcab9a93023d83575dc2658819a8b6cc35ff_out.chart,,3.88,109,83,174,104,,x,false ,SM,,,0.5504587156,0.7228915663,0.3448275862,0.5769230769,13.98165138,18.36144578,8.75862069,14.65384615
,43,2,019test_0c2b2b6c7fac13033b9e87a40d82332a266b1e67_out.chart,,3.86,110,81,180,91,,x,false ,SM,,,0.5454545455,0.7407407407,0.3333333333,0.6593406593,13.85454545,18.81481481,8.466666667,16.74725275
,43,3,020test_13bab4ebbb5c060e57d07369d8a1b5fb71de59e5_out.chart,,3.94,108,82,171,105,,x,false ,SM,,,0.5555555556,0.7317073171,0.350877193,0.5714285714,14.11111111,18.58536585,8.912280702,14.51428571
,44,1,021test_29b57bab76928ce641c7252c90c769b13b79e5a5_out.chart,,4.01,111,87,177,101,,,false ,SM,,,0.5405405405,0.6896551724,0.3389830508,0.5940594059,13.72972973,17.51724138,8.610169492,15.08910891
,44,2,022Test_48026a651a1aa68c4817df897cef6d86586cc448_out.chart,,3.98,111,87,184,111,,x,false ,SM,,,0.5405405405,0.6896551724,0.3260869565,0.5405405405,13.72972973,17.51724138,8.282608696,13.72972973
,44,3,023Test_68622b45b5c45d06a5b364c1ad7eebc0ef955d3f_out.chart,,3.92,112,83,190,102,,x,false ,SM,,,0.5357142857,0.7228915663,0.3157894737,0.5882352941,13.60714286,18.36144578,8.021052632,14.94117647
,45,1,024test_84501c8d6aefbfac2aaff2bcc68e40ba430294a1_out.chart,,4.07,104,77,165,110,,,false ,SM,,,0.5769230769,0.7792207792,0.3636363636,0.5454545455,14.65384615,19.79220779,9.236363636,13.85454545
,false ,false ,025Test_c3188bed6c34cae398b15fbe9afbf8435ec2f830_out.chart,,,,,,,,,Error: Operation Error: trying to xfer from empty needle b-60.,SM,,,0.5769230769,0.8,#DIV/0!,#DIV/0!,14.65384615,20.32,#DIV/0!,#DIV/0!
,45,2,026test_c619779dd9d7805e130d7e56f7c1d545bb93b317_out.chart,,3.93,104,75,169,108,,x,false ,SM,,,0.5769230769,0.8,0.3550295858,0.5555555556,14.65384615,20.32,9.017751479,14.11111111
,45,3,027Test_d640e4f882d4c0d7951e6cdf5f21a5c487b63e4c_out.chart,,3.76,104,82,172,100,,x,false ,SM,,,0.5769230769,0.7317073171,0.3488372093,0.6,14.65384615,18.58536585,8.860465116,15.24
,46,1,028Test_df6a58b5e8c03b29a288120750cfb88bb3fdbfc7_out.chart,,3.97,110,79,199,99,,,false ,SM,,,0.5454545455,0.7594936709,0.3015075377,0.6060606061,13.85454545,19.29113924,7.658291457,15.39393939
,46,2,029tjum_1cb51105fcf264d70f88621048c49f4e2ef576bd_out.chart,,3.96,114,79,167,94,double decrease,x,false ,SM,,,0.5263157895,0.7594936709,0.3592814371,0.6382978723,13.36842105,19.29113924,9.125748503,16.21276596
,46,3,030Wave_00a56ff77532c138e9912127cb723d04cdf36ed9_out.chart,,4.01,109,86,189,96,deliberate double YO,x,false ,SM,,,0.5504587156,0.6976744186,0.3174603175,0.625,13.98165138,17.72093023,8.063492063,15.875
,47,1,031Wave_fea69b8345482677e38ee2310dc35b93e8a7a963_out.chart,,4.01,98,72,154,108,,x,false ,SM,,,0.612244898,0.8333333333,0.3896103896,0.5555555556,15.55102041,21.16666667,9.896103896,14.11111111
,47,2,032Wild_e1f88c9a085133a65ee2b65436d831c2ef2b5d32_out.chart,,,,,,,double YO,,false ,SM,,,#DIV/0!,#DIV/0!,#DIV/0!,#DIV/0!,#DIV/0!,#DIV/0!,#DIV/0!,#DIV/0!
,47,3,033aj001_aba8a8ab6c7f543d7716e9cda5f4392a560af295_out.chart,,4.08,98,73,176,97,,,false ,SM,,,0.612244898,0.8219178082,0.3409090909,0.618556701,15.55102041,20.87671233,8.659090909,15.71134021
,false ,false ,034cable_6602588d783972901b35f54f335d9a38c7d0e6f7_out.chart,,,,,,,,,Error: Operation Error: trying to xfer from empty needle b-60.,SM,,,0.7228915663,0.6382978723,0.3296703297,0.4958677686,18.36144578,16.21276596,8.373626374,12.59504132
,48,1,035curvy_f9ca0a1d8acc683c07dd4c79b57ca8e2e9ee7e2d_out.chart,,3.92,99,83,171,97,please check seems flat,,false ,SM,,,0.6060606061,0.7228915663,0.350877193,0.618556701,15.39393939,18.36144578,8.912280702,15.71134021
,48,2,036Ferns_22316b055381c9b92c75cb2a20dd627b3ac1db95_out.chart,,3.81,85,92,166,95,,x,false ,SM,,,0.7058823529,0.652173913,0.3614457831,0.6315789474,17.92941176,16.56521739,9.180722892,16.04210526
,48,3,037Folio_c7c3f1a18f6c8ce3186b9715cb93491f9d38bd6d_out.chart,,3.86,103,81,169,107,double YO,x,false ,SM,,,0.5825242718,0.7407407407,0.3550295858,0.5607476636,14.7961165,18.81481481,9.017751479,14.24299065
,false ,false ,038Lotus_f7062a3406ccbdcfd4a7b20ee406b534359736cf_out.chart,,,,,,,,x,Error: Operation Error: trying to xfer from empty needle f-60.,SM,,,#DIV/0!,#DIV/0!,#DIV/0!,#DIV/0!,#DIV/0!,#DIV/0!,#DIV/0!,#DIV/0!
,49,1,039Lux 2_96f719e83df48dda6dc60239447dd48c2c2c41bb_out.chart,,3.94,104,80,177,91,,x,false ,SM,,,0.5769230769,0.75,0.3389830508,0.6593406593,14.65384615,19.05,8.610169492,16.74725275
,49,2,040raven_a612e34aaa30b4f742111567a61da3ef59dd4e60_out.chart,,4.04,93,89,184,108,double YO (deliberate?),x,false ,SM,,,0.6451612903,0.6741573034,0.3260869565,0.5555555556,16.38709677,17.12359551,8.282608696,14.11111111
,49,3,041test!_c673e7af4b13e5dfada770970a761bd631908243_out.chart,,3.88,104,71,161,114,,,false ,SM,,,0.5769230769,0.8450704225,0.3726708075,0.5263157895,14.65384615,21.46478873,9.465838509,13.36842105
x,50,1,042Totem_5096e84f9d630306dd1d35cfc3fccf08c1997f5b_out.chart,,3.91,101,83,196,179,,,false ,SM,,,0.5940594059,0.7228915663,0.306122449,0.3351955307,15.08910891,18.36144578,7.775510204,8.51396648
x,50,2,043weavy_62e2febbac053e4e5e714e6fb2923cf51c949890_out.chart,,4.13,93,86,195,86,oily; may influence weight,,false ,SM,,,0.6451612903,0.6976744186,0.3076923077,0.6976744186,16.38709677,17.72093023,7.815384615,17.72093023
,false ,false ,044Wedge_9646e07d0b329e559fca1bdd32b201253f22cf47_out.chart,,,,,,,,,Error: Operation Error: trying to xfer from empty needle f-60.,SM,,,#DIV/0!,#DIV/0!,#DIV/0!,#DIV/0!,#DIV/0!,#DIV/0!,#DIV/0!,#DIV/0!
x,50,3,045Woven_9b43c718e4f4b61e85762cc4fec7652e4d5d7d44_out.chart,,4.00,101,81,205,80,,,false ,SM,,,0.5940594059,0.7407407407,0.2926829268,0.75,15.08910891,18.81481481,7.434146341,19.05
,51,1,046Acadia_918838a9c324b7e9e51d9aa2096f30c05aaa9275_out.chart,,3.92,105,80,187,99,,x,false ,SM,,,0.5714285714,0.75,0.320855615,0.6060606061,14.51428571,19.05,8.14973262,15.39393939
,false ,false ,047Anchor_5ee2aedda16dc479896f856d2bb83b4c9cb5f0a2_out.chart,,,,,,,,x,This pattern required an offset of 4 in line 28.,SM,,,#DIV/0!,#DIV/0!,#DIV/0!,#DIV/0!,#DIV/0!,#DIV/0!,#DIV/0!,#DIV/0!
,51,2,048Bamboo_1282a00de3d6b6dc70a97e71e7db4e7273d2133a_out.chart,,3.93,106,81,174,95,,x,false ,SM,,,0.5660377358,0.7407407407,0.3448275862,0.6315789474,14.37735849,18.81481481,8.75862069,16.04210526
,51,3,049Cancun_0a5d01143dcbc86e11e39f0a7008864b18094b0d_out.chart,,3.94,104,79,153,106,double decrease,x,false ,SM,,,0.5769230769,0.7594936709,0.3921568627,0.5660377358,14.65384615,19.29113924,9.960784314,14.37735849
,52,1,050Idella_41f09fa5143f4fde80b1408ddbd2023af62e307f_out.chart,,3.92,107,72,164,102,,x,false ,SM,,,0.5607476636,0.8333333333,0.3658536585,0.5882352941,14.24299065,21.16666667,9.292682927,14.94117647
,52,2,051lace 1_d3c37dfe2355eba35d4ef33fc84be1682349a768_out.chart,,3.97,106,79,179,107,,,false ,SM,,,0.5660377358,0.7594936709,0.3351955307,0.5607476636,14.37735849,19.29113924,8.51396648,14.24299065
,52,3,052Leaves_a7509276ba89a662faddc898cb10a4cc7afe7667_out.chart,,4.00,86,85,169,103,,x,false ,SM,,,0.6976744186,0.7058823529,0.3550295858,0.5825242718,17.72093023,17.92941176,9.017751479,14.7961165
,53,1,053Leaves_b62e4b681f869c312d5193b9b653b5028358c4c3_out.chart,,4.07,86,86,171,100,,x,false ,SM,,,0.6976744186,0.6976744186,0.350877193,0.6,17.72093023,17.72093023,8.912280702,15.24
,53,2,054Leaves_c1c31fd13af2f4f69b9e7a4e1019d89237b65a6b_out.chart,,3.88,87,89,178,95,,x,false ,SM,,,0.6896551724,0.6741573034,0.3370786517,0.6315789474,17.51724138,17.12359551,8.561797753,16.04210526
,53,3,055Lovely_a6ba256f3ce3adda8c04c1609c69fa43326b5876_out.chart,,3.86,94,82,186,99,,x,false ,SM,,,0.6382978723,0.7317073171,0.3225806452,0.6060606061,16.21276596,18.58536585,8.193548387,15.39393939
,54,1,056Medley_a9ce24bb78574be15f90a7e9b57d32e98a23d255_out.chart,,3.91,94,91,183,114,,,false ,SM,,,0.6382978723,0.6593406593,0.3278688525,0.5263157895,16.21276596,16.74725275,8.327868852,13.36842105
,54,2,057Owlets_cecd47ff445909e50de23b8b1e18ebc32878eb37_out.chart,,3.97,102,88,172,111,,x,false ,SM,,,0.5882352941,0.6818181818,0.3488372093,0.5405405405,14.94117647,17.31818182,8.860465116,13.72972973
,54,3,058Pointy_09fd59aa65a1caa563abd92d91756d87b37b8b9b_out.chart,,3.81,103,89,176,100,,,false ,SM,,,0.5825242718,0.6741573034,0.3409090909,0.6,14.7961165,17.12359551,8.659090909,15.24
,55,1,059Random_54cd9e7dabc7ea76a099903f5b2a23ea9a01acd8_out.chart,,3.93,94,84,184,102,,x,false ,SM,,,0.6382978723,0.7142857143,0.3260869565,0.5882352941,16.21276596,18.14285714,8.282608696,14.94117647
,55,2,060ribbit_fb7d868e0f0ab45e43e83068a7f6b8e388ed281c_out.chart,,4.18,119,83,202,119,,,false ,SM,,,0.5042016807,0.7228915663,0.297029703,0.5042016807,12.80672269,18.36144578,7.544554455,12.80672269
,55,3,061Ribbon_41c007964076764747fceadae108ab0d3380e0ff_out.chart,,3.82,112,82,184,99,,,false ,SM,,,0.5357142857,0.7317073171,0.3260869565,0.6060606061,13.60714286,18.58536585,8.282608696,15.39393939
,56,1,062Scarab_8ae36bbec6ac2ae4a4c09bf707e2f3cfcda9e454_out.chart,,4.05,96,83,178,110,,,false ,SM,,,0.625,0.7228915663,0.3370786517,0.5454545455,15.875,18.36144578,8.561797753,13.85454545
,56,2,063Spokes_bf3d3202373c3db9a59b00d182bace7a362de46f_out.chart,,4.05,105,84,186,109,,x,false ,SM,,,0.5714285714,0.7142857143,0.3225806452,0.5504587156,14.51428571,18.14285714,8.193548387,13.98165138
,56,3,064Subtle_de074f71e3eb0bba8e4389fcbb6e811bdb56d319_out.chart,,3.76,107,83,163,105,,,false ,SM,,,0.5607476636,0.7228915663,0.3680981595,0.5714285714,14.24299065,18.36144578,9.349693252,14.51428571
,57,1,065Summer_0abfe3d8339dc168074831a883d26b98f3214ea3_out.chart,,3.84,98,94,157,112,deliberate double YO,x,false ,SM,,,0.612244898,0.6382978723,0.3821656051,0.5357142857,15.55102041,16.21276596,9.707006369,13.60714286
,57,2,066Thorny_592d81daf437677a9a242c0ce3748be32e7e3230_out.chart,,4.05,104,84,166,107,,,false ,SM,,,0.5769230769,0.7142857143,0.3614457831,0.5607476636,14.65384615,18.14285714,9.180722892,14.24299065
,57,3,067Twirly_56d31358ff7f5f2ee795657dcc7369bbab40d270_out.chart,,3.98,92,87,174,102,,,false ,SM,,,0.652173913,0.6896551724,0.3448275862,0.5882352941,16.56521739,17.51724138,8.75862069,14.94117647
,58,1,068Wave 1_35ecf5815b61b9445443c933bfc2c669b47f0468_out.chart,,3.91,103,73,168,104,,,false ,SM,,,0.5825242718,0.8219178082,0.3571428571,0.5769230769,14.7961165,20.87671233,9.071428571,14.65384615
,58,2,069Beetles_f78814f997af9eccde9e42d90e3ae21519aa55d9_out.chart,,3.85,107,84,164,112,,,false ,SM,,,0.5607476636,0.7142857143,0.3658536585,0.5357142857,14.24299065,18.14285714,9.292682927,13.60714286
,58,3,070Beloved_3d97e68e4ed40fe21a57b648045d440b71b39b97_out.chart,,3.90,99,86,167,105,not actually a viable pattern -- quadruple YO,x,false ,SM,,,0.6060606061,0.6976744186,0.3592814371,0.5714285714,15.39393939,17.72093023,9.125748503,14.51428571
,59,1,071Brianne_f4cb244811a277c954978254096041141bea1958_out.chart,,3.85,94,84,159,110,,x,false ,SM,,,0.6382978723,0.7142857143,0.3773584906,0.5454545455,16.21276596,18.14285714,9.58490566,13.85454545
,59,2,072brioche_dedead2e29a5ecee8dbdc3fc55106abd140a260b_out.chart,,3.73,122,100,167,113,,,false ,SM,,,0.4918032787,0.6,0.3592814371,0.5309734513,12.49180328,15.24,9.125748503,13.48672566
,59,3,073Cable 1_2fc3da45184e0ab97bbd8ea03ca67d0ab1549537_out.chart,,3.75,86,72,124,89,,,false ,SM,,,0.6976744186,0.8333333333,0.4838709677,0.6741573034,17.72093023,21.16666667,12.29032258,17.12359551
x,60,1,074Cable 2_63f17791daf33eb862cceb952f4fafe4d833b9fe_out.chart,,4.01,95,78,156,85,,,false ,SM,,,0.6315789474,0.7692307692,0.3846153846,0.7058823529,16.04210526,19.53846154,9.769230769,17.92941176
/,60,2,075Cable 3_9186101b6d066c842719a7b737a468863b0a4ce4_out.chart,,3.90,89,71,121,91,"doesn't *seem* to have cables (""cable bug"")",,false ,SM,,,0.6741573034,0.8450704225,0.4958677686,0.6593406593,17.12359551,21.46478873,12.59504132,16.74725275
x,60,3,076Cascade_00394fb819deaa5ec947798de284ee381c0f64f6_out.chart,,3.93,101,93,164,67,"(unskewed relaxed: 93w, 93h)",,false ,SM,,,0.5940594059,0.6451612903,0.3658536585,0.8955223881,15.08910891,16.38709677,9.292682927,22.74626866
,61,1,077Cha-cha_d4dfd0281019c59e5f4ae638288b9c51959a89a4_out.chart,,3.98,100,91,191,102,,x,false ,SM,,,0.6,0.6593406593,0.3141361257,0.5882352941,15.24,16.74725275,7.979057592,14.94117647
,61,2,078circles_5ecc9b213646a78f2986d6cd8923096400538954_out.chart,,3.88,119,75,177,110,,x,false ,SM,,,0.5042016807,0.8,0.3389830508,0.5454545455,12.80672269,20.32,8.610169492,13.85454545
,61,3,079Corinna_37ab2196bf2f3c96b916621e6b9add7c189b1849_out.chart,,3.87,107,81,187,101,,x,false ,SM,,,0.5607476636,0.7407407407,0.320855615,0.5940594059,14.24299065,18.81481481,8.14973262,15.08910891
x,62,1,080Crystal_fc0c0c5ec55ca848da8a9d909de80d9ed25b14a8_out.chart,,4.05,124,78,200,85,,,false ,SM,,,0.4838709677,0.7692307692,0.3,0.7058823529,12.29032258,19.53846154,7.62,17.92941176
x,62,2,081daisies_347bbddb374c2f285c8d931a0b5b0c0def822205_out.chart,,3.82,112,80,184,99,,,false ,SM,,,0.5357142857,0.75,0.3260869565,0.6060606061,13.60714286,19.05,8.282608696,15.39393939
/,62,3,082diag ck_53989aaad07c719c4b48d3657423f39718056c20_out.chart,,4.12,97,86,194,105,ran out of yarn; needs to be reknit,,false ,SM,,,0.618556701,0.6976744186,0.3092783505,0.5714285714,15.71134021,17.72093023,7.855670103,14.51428571
,63,1,083Diamond_fa67fce91c7ca87bd9565417130a6fb51fd2e0d8_out.chart,,4.04,114,87,195,103,,,false ,SM,,,0.5263157895,0.6896551724,0.3076923077,0.5825242718,13.36842105,17.51724138,7.815384615,14.7961165
,false ,false ,084Doubles_10896cddadd3f03fb93f98aa0f15a6ef5d2401bc_out.chart,,,,,,,,,This pattern requires an increase.,SM,,,#DIV/0!,#DIV/0!,#DIV/0!,#DIV/0!,#DIV/0!,#DIV/0!,#DIV/0!,#DIV/0!
,63,2,085Equinox_fd5ddf4283dc7d6f34725a5853decd97ed724afd_out.chart,,3.83,102,83,172,100,deliberate double YO,x,false ,SM,,,0.5882352941,0.7228915663,0.3488372093,0.6,14.94117647,18.36144578,8.860465116,15.24
,63,3,086Furrows_3a05dfff2b97a9f5fcd89fb5c095e2f9e2c59638_out.chart,,3.91,78,85,188,110,,,false ,SM,,,0.7692307692,0.7058823529,0.3191489362,0.5454545455,19.53846154,17.92941176,8.106382979,13.85454545
,64,1,087Garland_fc2e738188428301acf2e5c1b40a5d1691fe97b0_out.chart,,3.91,100,82,175,103,,,false ,SM,,,0.6,0.7317073171,0.3428571429,0.5825242718,15.24,18.58536585,8.708571429,14.7961165
,false ,false ,088Gathers_185158d99a4628798391c107869552a20edef980_out.chart,,,,,,,,,Error: Operation Error: trying to xfer from empty needle b-60.,SM,,,#DIV/0!,#DIV/0!,#DIV/0!,#DIV/0!,#DIV/0!,#DIV/0!,#DIV/0!,#DIV/0!
,64,2,089Glacier_a487491b31ccd0f21c1dc9e6abb3abd48a8126f3_out.chart,,3.89,99,87,163,105,double decrease,x,false ,SM,,,0.6060606061,0.6896551724,0.3680981595,0.5714285714,15.39393939,17.51724138,9.349693252,14.51428571
,64,3,090Iceberg_abd45ddfeaee93f98654f52b4632afa8e87b6e20_out.chart,,3.88,99,91,168,112,deliberate double YO,x,false ,SM,,,0.6060606061,0.6593406593,0.3571428571,0.5357142857,15.39393939,16.74725275,9.071428571,13.60714286
,65,1,091Popcorn_b230f635461ea5a7f0caa35aabf849526cf79d58_out.chart,,,,,,,,x,false ,SM,,,#DIV/0!,#DIV/0!,#DIV/0!,#DIV/0!,#DIV/0!,#DIV/0!,#DIV/0!,#DIV/0!
,65,2,092Ripples_43fa0d121df98d9b497eb984825004818db5b76c_out.chart,,3.95,103,79,188,111,,,false ,SM,,,0.5825242718,0.7594936709,0.3191489362,0.5405405405,14.7961165,19.29113924,8.106382979,13.72972973
,65,3,093saphill_c29ace1f7332942d1595bc6ba9795e0b46b45ca2_out.chart,,3.99,102,80,183,102,,x,false ,SM,,,0.5882352941,0.75,0.3278688525,0.5882352941,14.94117647,19.05,8.327868852,14.94117647
x,66,1,094shellac_456913693f9b30d9b32a03b08c5c0dcb2c64c39e_out.chart,,3.87,100,83,162,92,,,false ,SM,,,0.6,0.7228915663,0.3703703704,0.652173913,15.24,18.36144578,9.407407407,16.56521739
x,66,2,095teatest_019815c28ae460f518dcfc58cb28ddaefa982587_out.chart,,3.80,108,87,172,92,,,false ,SM,,,0.5555555556,0.6896551724,0.3488372093,0.652173913,14.11111111,17.51724138,8.860465116,16.56521739
x,66,3,096teatest_60a22bca2c8eb0fbfb5a40a128354f2ee8b80d1f_out.chart,,3.88,109,83,165,95,,,false ,SM,,,0.5504587156,0.7228915663,0.3636363636,0.6315789474,13.98165138,18.36144578,9.236363636,16.04210526
,67,1,097teatest_ffb7e58651bf5cd34193ff48773e644fd8aa0d18_out.chart,,3.96,110,82,178,91,,,false ,SM,,,0.5454545455,0.7317073171,0.3370786517,0.6593406593,13.85454545,18.58536585,8.561797753,16.74725275
,67,2,098Testing_df53f338ce6e296a0c40e1518dfc73a02cff2c88_out.chart,,3.98,109,86,181,95,,,false ,SM,,,0.5504587156,0.6976744186,0.3314917127,0.6315789474,13.98165138,17.72093023,8.419889503,16.04210526
,67,3,099The Bat_bc5eb6c3650167aaee35380d461a78d8c82f6b10_out.chart,,3.97,104,81,162,100,second repeat is inverted? ask Megan,x,false ,SM,,,0.5769230769,0.7407407407,0.3703703704,0.6,14.65384615,18.81481481,9.407407407,15.24
/,68,1,100Upsweep_9c9d0d1fac974a8212750654369e20ee1ec550ed_out.chart,,4.01,105,87,173,103,few dropped stitches,,false ,SM,,,0.5714285714,0.6896551724,0.3468208092,0.5825242718,14.51428571,17.51724138,8.809248555,14.7961165
x,68,2,101Veeeees_0b426f1c7a653e47cd70d87eb31de967d9061c76_out.chart,,3.84,101,81,157,90,,,false ,SM,,,0.5940594059,0.7407407407,0.3821656051,0.6666666667,15.08910891,18.81481481,9.707006369,16.93333333
x,68,3,102Zig Zag_8c42ba1e9069bca66da3f7538a89fb5730d611bb_out.chart,,3.89,95,74,153,74,,,false ,SM,,,0.6315789474,0.8108108108,0.3921568627,0.8108108108,16.04210526,20.59459459,9.960784314,20.59459459
,69,1,103Zip Zag_ac09687dd0962287f1e2ef1939029bd9132bb209_out.chart,,3.93,108,73,178,96,,,false ,SM,,,0.5555555556,0.8219178082,0.3370786517,0.625,14.11111111,20.87671233,8.561797753,15.875
,69,2,104BFF lace_463e0f67868d65250ae7b57504209ac734763204_out.chart,,3.93,104,80,170,101,has an eyelet right on the frame edge which may collide with frame eyelet but should be okay,x,false ,SM,,,0.5769230769,0.75,0.3529411765,0.5940594059,14.65384615,19.05,8.964705882,15.08910891
,69,3,105Big eyes_d31eb618d372ad7df1d317d2c0fcf2ab47ea4894_out.chart,,4.18,119,82,168,106,1 dropped stitch,,false ,SM,,,0.5042016807,0.7317073171,0.3571428571,0.5660377358,12.80672269,18.58536585,9.071428571,14.37735849
,70,1,106Boxed in_05a93e034ded2fb22ff9c4a029c85427ab73fa59_out.chart,,4.20,100,82,168,102,,,false ,SM,,,0.6,0.7317073171,0.3571428571,0.5882352941,15.24,18.58536585,9.071428571,14.94117647
,70,2,107Brokkoli_c63adb18edfa7d7eca3959da9e98489e64443cf3_out.chart,,4.03,102,78,173,107,,x,false ,SM,,,0.5882352941,0.7692307692,0.3468208092,0.5607476636,14.94117647,19.53846154,8.809248555,14.24299065
,70,3,108Burgundy_5fa21cf04b7282a1f73907b668abbae4f0f321ad_out.chart,,3.98,107,81,172,105,,,false ,SM,,,0.5607476636,0.7407407407,0.3488372093,0.5714285714,14.24299065,18.81481481,8.860465116,14.51428571
,false ,false ,109chevron4_3427c8f0c62d3c7b9a1ae536212d1257d1102df5_out.chart,,,,,,,,,This pattern requires an increase.,SM,,,#DIV/0!,#DIV/0!,#DIV/0!,#DIV/0!,#DIV/0!,#DIV/0!,#DIV/0!,#DIV/0!
,71,1,110Chevrons_595cdd4541f6235648d7bf8c2c0f01c8a8f1381b_out.chart,,4.00,94,77,151,112,,x,false ,SM,,,0.6382978723,0.7792207792,0.3973509934,0.5357142857,16.21276596,19.79220779,10.09271523,13.60714286
,71,2,111Diagonal_bb4a583a81c122d6f949a37115d8dffb2135abc0_out.chart,,4.18,92,87,182,104,,,false ,SM,,,0.652173913,0.6896551724,0.3296703297,0.5769230769,16.56521739,17.51724138,8.373626374,14.65384615
,71,3,112Diagonal_bf5d95ec065ab482fc34292ff3cc07a7f57c44e6_out.chart,,4.14,99,83,182,100,,,false ,SM,,,0.6060606061,0.7228915663,0.3296703297,0.6,15.39393939,18.36144578,8.373626374,15.24
,72,1,113Fir Cone_f53cdacc5e25f1594b0bacb119416b34fd9c3c39_out.chart,,,96,78,162,89,,x,false ,SM,,,0.625,0.7692307692,0.3703703704,0.6741573034,15.875,19.53846154,9.407407407,17.12359551
,72,2,114Frozen 1_417b7a656e6ef0aad3c40c23289468dc08f44230_out.chart,,4.18,101,71,145,100,,,false ,SM,,,0.5940594059,0.8450704225,0.4137931034,0.6,15.08910891,21.46478873,10.51034483,15.24
,72,3,115FNÌƒhnchen_26cd11b87665636f39eab27fa0002d4cc2662ac8_out.chart,,3.86,99,73,151,104,,,false ,SM,,,0.6060606061,0.8219178082,0.3973509934,0.5769230769,15.39393939,20.87671233,10.09271523,14.65384615
,false ,false ,116Gumdrops_f15a6357c2164022a3f3a5a2e25287ae4cc866c0_out.chart,,,,,,,,x,This pattern requires an increase.,SM,,,#DIV/0!,#DIV/0!,#DIV/0!,#DIV/0!,#DIV/0!,#DIV/0!,#DIV/0!,#DIV/0!
,73,1,117Heatwave_b0bd129670b36ea1cea0c31f9a14460c3e711c2c_out.chart,,3.87,93,82,153,114,,x,false ,SM,,,0.6451612903,0.7317073171,0.3921568627,0.5263157895,16.38709677,18.58536585,9.960784314,13.36842105
,73,2,118Hex mesh_5c519deaa6cc2f30080638820b2e6f568428a756_out.chart,,4.01,129,82,173,113,,,false ,SM,,,0.4651162791,0.7317073171,0.3468208092,0.5309734513,11.81395349,18.58536585,8.809248555,13.48672566
,73,3,119Hyacinth_05d5ed609c6e99b933fcfa165847879aa232c74f_out.chart,,4.08,112,75,162,116,,,false ,SM,,,0.5357142857,0.8,0.3703703704,0.5172413793,13.60714286,20.32,9.407407407,13.13793103
,false ,false ,120Instep 1_2b89cb32d01fad5667dd114597555bc3a8e2753d_out.chart,,,,,,,,,Error: Operation Error: trying to xfer from empty needle f-60.,SM,,,#DIV/0!,#DIV/0!,#DIV/0!,#DIV/0!,#DIV/0!,#DIV/0!,#DIV/0!,#DIV/0!
,false ,false ,121kraniche_29f99b19205576bff3bbba97576c35f8e3217e52_out.chart,,,,,,,,,Error: Operation Error: trying to xfer from empty needle b-86.,SM,,,#DIV/0!,#DIV/0!,#DIV/0!,#DIV/0!,#DIV/0!,#DIV/0!,#DIV/0!,#DIV/0!
,74,1,122Lace Rib_029c65a2d0d52c54176a1cda9f0e5171db064ec1_out.chart,,4.10,82,89,173,113,,,false ,SM,,,0.7317073171,0.6741573034,0.3468208092,0.5309734513,18.58536585,17.12359551,8.809248555,13.48672566
,74,2,123Lace rib_63862362314bbc67893c321066476b01c1180081_out.chart,,4.16,95,86,160,114,,,false ,SM,,,0.6315789474,0.6976744186,0.375,0.5263157895,16.04210526,17.72093023,9.525,13.36842105
,74,3,124lace rib_b2d7e4157c1a1a36a335f3f476b102b26ecd1f47_out.chart,,4.12,99,81,174,111,,x,false ,SM,,,0.6060606061,0.7407407407,0.3448275862,0.5405405405,15.39393939,18.81481481,8.75862069,13.72972973
,75,1,125Palmbaum_e0380befa9998f98b0929feef463925eb2869a07_out.chart,,4.09,98,87,161,114,,,false ,SM,,,0.612244898,0.6896551724,0.3726708075,0.5263157895,15.55102041,17.51724138,9.465838509,13.36842105
,75,2,126pawprint_de9cc8ccce79691e3bd0a8e9c2805596cb3fdcac_out.chart,,4.00,104,79,157,102,,,false ,SM,,,0.5769230769,0.7594936709,0.3821656051,0.5882352941,14.65384615,19.29113924,9.707006369,14.94117647
,75,3,127Pelicans_84e173c0ef6c46ad5826bd93bde4eab24632ad0d_out.chart,,4.00,120,75,168,103,,x,false ,SM,,,0.5,0.8,0.3571428571,0.5825242718,12.7,20.32,9.071428571,14.7961165
x,76,1,128Pigtails_4274814fb726d2d5cf366b1856438b916d6d01bf_out.chart,,3.91,103,84,166,82,,,false ,SM,,,0.5825242718,0.7142857143,0.3614457831,0.7317073171,14.7961165,18.14285714,9.180722892,18.58536585
x,76,2,129Pointers_17b107d5c435a38302e10ede447f0ca6ef5ab04d_out.chart,,3.81,104,81,158,93,,,false ,SM,,,0.5769230769,0.7407407407,0.3797468354,0.6451612903,14.65384615,18.81481481,9.64556962,16.38709677
,false ,false ,130Ripple 1_cf76574051abcca873cfe721d540c21a22ec9a2a_out.chart,,,,,,,,,This pattern requires an increase.,SM,,,#DIV/0!,#DIV/0!,#DIV/0!,#DIV/0!,#DIV/0!,#DIV/0!,#DIV/0!,#DIV/0!
,false ,false ,131Ripple 2_5aa9d6e2435d14d344852e794c34e1e0ce2d9b0d_out.chart,,,,,,,,,This pattern required an offset of -3 in line 60.,SM,,,#DIV/0!,#DIV/0!,#DIV/0!,#DIV/0!,#DIV/0!,#DIV/0!,#DIV/0!,#DIV/0!
,false ,false ,132Ripple 3_2d3eec2297b064486593e293ef36e7a618995485_out.chart,,,,,,,,,Error: Operation Error: trying to xfer from empty needle b-120.,SM,,,#DIV/0!,#DIV/0!,#DIV/0!,#DIV/0!,#DIV/0!,#DIV/0!,#DIV/0!,#DIV/0!
x,76,3,133Sanpat 1_e7103f7ca8f54b3a503948315f42109ed9de0d7c_out.chart,,3.79,117,74,157,95,,,false ,SM,,,0.5128205128,0.8108108108,0.3821656051,0.6315789474,13.02564103,20.59459459,9.707006369,16.04210526
,77,1,134Sea oats_202c1377f658c31247ccbd8db6b6794513b64b93_out.chart,,4.12,112,84,175,102,,,false ,SM,,,0.5357142857,0.7142857143,0.3428571429,0.5882352941,13.60714286,18.14285714,8.708571429,14.94117647
,false ,false ,135Solitude_5e3beb103f35c1d37eb4e08a479c780f6a1dfcf0_out.chart,,,,,,,,x,This pattern requires an increase.,SM,,,#DIV/0!,#DIV/0!,#DIV/0!,#DIV/0!,#DIV/0!,#DIV/0!,#DIV/0!,#DIV/0!
,77,2,136Stairway_345a56dc7543ba3cbcd9d66b1c98b461c3b92494_out.chart,,4.13,102,78,173,110,,,false ,SM,,,0.5882352941,0.7692307692,0.3468208092,0.5454545455,14.94117647,19.53846154,8.809248555,13.85454545
,77,3,137try lace_c283a25fd9fcb132c287a476a269d73ba0ebf4c0_out.chart,,4.21,87,95,175,108,,x,false ,SM,,,0.6896551724,0.6315789474,0.3428571429,0.5555555556,17.51724138,16.04210526,8.708571429,14.11111111
,78,1,138Wildfire_222b6e2656dfd95529bf3cc5507cdeacc99a7cc0_out.chart,,,,,,,,,false ,SM,,,#DIV/0!,#DIV/0!,#DIV/0!,#DIV/0!,#DIV/0!,#DIV/0!,#DIV/0!,#DIV/0!
,false ,false ,139ZickZack_66922b660ef8b22b5beb867211d8032e5412db00_out.chart,,,,,,,,,This pattern requires an increase.,SM,,,#DIV/0!,#DIV/0!,#DIV/0!,#DIV/0!,#DIV/0!,#DIV/0!,#DIV/0!,#DIV/0!
,78,2,140Angelfish_6488392a0aecf3bac0a29988ae21e4fc465c2b64_out.chart,,4.00,109,81,172,100,,x,false ,SM,,,0.5504587156,0.7407407407,0.3488372093,0.6,13.98165138,18.81481481,8.860465116,15.24
,78,3,141Barb Moff_d00b1d1769d19af5d190e3416f3c0493509e4ccf_out.chart,,3.88,116,66,168,106,,,false ,SM,,,0.5172413793,0.9090909091,0.3571428571,0.5660377358,13.13793103,23.09090909,9.071428571,14.37735849
,false ,false ,142Bias Mesh_728c434f689d8df2746f5e5822cff1dc388f759e_out.chart,,,,,,,,x,Error: Operation Error: trying to xfer from empty needle b-60.,SM,,,#DIV/0!,#DIV/0!,#DIV/0!,#DIV/0!,#DIV/0!,#DIV/0!,#DIV/0!,#DIV/0!
,79,1,143Big Mossy_93078abe28db15727742d3bfa45a8ee17c3ae6bc_out.chart,,4.22,101,101,195,123,,,false ,SM,,,0.5940594059,0.5940594059,0.3076923077,0.487804878,15.08910891,15.08910891,7.815384615,12.3902439
,79,2,144Challenge_b93a3c9468bbf1f710ab2f026679701217623dc2_out.chart,,3.96,104,79,172,105,,x,false ,SM,,,0.5769230769,0.7594936709,0.3488372093,0.5714285714,14.65384615,19.29113924,8.860465116,14.51428571
,false ,false ,145Diamond 3_6d2c923cead919886cbaf3686a11ac10416a19fc_out.chart,,,,,,,,,This pattern required an offset of -3 in line 60.,SM,,,#DIV/0!,#DIV/0!,#DIV/0!,#DIV/0!,#DIV/0!,#DIV/0!,#DIV/0!,#DIV/0!
,79,3,146Dragonfly_c659d3f5a5f8890573d21404fc7965ebed30b6ae_out.chart,,,,,,,,x,false ,SM,,,#DIV/0!,#DIV/0!,#DIV/0!,#DIV/0!,#DIV/0!,#DIV/0!,#DIV/0!,#DIV/0!
,80,1,147Gull Lace_33de1b2b76b31f09cbc889d49cff2fa594c6faf5_out.chart,,3.86,102,78,174,105,,,false ,SM,,,0.5882352941,0.7692307692,0.3448275862,0.5714285714,14.94117647,19.53846154,8.75862069,14.51428571
,80,2,148Heartless_bfdf5e275d05069cbf85e134a9dd69565b5bb7a1_out.chart,,3.99,100,83,171,104,,,false ,SM,,,0.6,0.7228915663,0.350877193,0.5769230769,15.24,18.36144578,8.912280702,14.65384615
,80,3,149Hibernate_ca41ce165e39cf2481776281cedb00356855f1cf_out.chart,,3.90,101,88,180,115,,x,false ,SM,,,0.5940594059,0.6818181818,0.3333333333,0.5217391304,15.08910891,17.31818182,8.466666667,13.25217391
,81,1,150Honeycomb_6705c6fb22cdd7deff0b9a18ec37bd97ad94b30f_out.chart,,4.00,120,74,177,100,,,false ,SM,,,0.5,0.8108108108,0.3389830508,0.6,12.7,20.59459459,8.610169492,15.24
,81,2,151Horseshoe_61fe296eea094bd580b389079ef0ba31900b3182_out.chart,,4.09,109,73,165,97,,x,false ,SM,,,0.5504587156,0.8219178082,0.3636363636,0.618556701,13.98165138,20.87671233,9.236363636,15.71134021
,81,3,152Horseshoe_93e1701b946d7447a9070859ff00079e02e16c4c_out.chart,,4.05,100,88,163,110,,x,false ,SM,,,0.6,0.6818181818,0.3680981595,0.5454545455,15.24,17.31818182,9.349693252,13.85454545
,82,1,153horseshoe_dc9c470e19622b14f27adc18f0b4f63a6529051e_out.chart,,4.01,103,84,170,89,,x,false ,SM,,,0.5825242718,0.7142857143,0.3529411765,0.6741573034,14.7961165,18.14285714,8.964705882,17.12359551
,82,2,154Interplay_6d32a867b1dcc89cc298b91928c552b682ea6084_out.chart,,4.03,113,79,179,94,,x,false ,SM,,,0.5309734513,0.7594936709,0.3351955307,0.6382978723,13.48672566,19.29113924,8.51396648,16.21276596
,82,3,155Josephine_535bf28c4dc7ad848db287e8ab5a0f7e2463f812_out.chart,,4.12,110,91,189,100,,,false ,SM,,,0.5454545455,0.6593406593,0.3174603175,0.6,13.85454545,16.74725275,8.063492063,15.24
,83,1,156lace edge_b1606df01a50883b27bcf62b0b22c5411d586551_out.chart,,3.98,99,84,156,94,,x,false ,SM,,,0.6060606061,0.7142857143,0.3846153846,0.6382978723,15.39393939,18.14285714,9.769230769,16.21276596
,83,2,157Lace Rose_a4f3cccb48329cda31848ecee716804c3ffd02bb_out.chart,,4.02,102,80,165,100,ladders when knitting (double-yo),,false ,SM,,,0.5882352941,0.75,0.3636363636,0.6,14.94117647,19.05,9.236363636,15.24
,83,3,158Lacy wave_b027a09b34ec2e775c05bae38ab4c168c621b4c2_out.chart,,3.89,97,77,155,100,,,false ,SM,,,0.618556701,0.7792207792,0.3870967742,0.6,15.71134021,19.79220779,9.832258065,15.24
,84,1,159Leaf Lace_de01afef7ab0499cfae454dafd411781a0c47241_out.chart,,3.93,119,79,161,94,,x,false ,SM,,,0.5042016807,0.7594936709,0.3726708075,0.6382978723,12.80672269,19.29113924,9.465838509,16.21276596
,84,2,160Leaves #1_89ead50e3073f3947db8b24910fbd348844688af_out.chart,,4.09,90,88,161,100,,x,false ,SM,,,0.6666666667,0.6818181818,0.3726708075,0.6,16.93333333,17.31818182,9.465838509,15.24
,84,3,161Leaves #2_af599a04920cc3e42ffd660e9c9083838fa25cf3_out.chart,,4.20,88,87,170,99,,,false ,SM,,,0.6818181818,0.6896551724,0.3529411765,0.6060606061,17.31818182,17.51724138,8.964705882,15.39393939
,85,1,162Lois Left_074f1b4aaa8f478588072b6bf278cbf40875acd8_out.chart,,,,,,,,,false ,SM,,,#DIV/0!,#DIV/0!,#DIV/0!,#DIV/0!,#DIV/0!,#DIV/0!,#DIV/0!,#DIV/0!
,85,2,163Meander 2_e39cbc8a8ba11b148880ad8121528c8a39cf0dba_out.chart,,4.01,120,76,181,99,,,false ,SM,,,0.5,0.7894736842,0.3314917127,0.6060606061,12.7,20.05263158,8.419889503,15.39393939
,85,3,164Mini Twig_2fb2c196117a011743e42cf798d1be3f4931d2e6_out.chart,,3.99,110,80,166,101,,x,false ,SM,,,0.5454545455,0.75,0.3614457831,0.5940594059,13.85454545,19.05,9.180722892,15.08910891
x,86,1,165Pineapple_192165e6b1dafeb1da259952ff429ffedbc24b02_out.chart,,3.83,105,82,157,92,,,false ,SM,,,0.5714285714,0.7317073171,0.3821656051,0.652173913,14.51428571,18.58536585,9.707006369,16.56521739
x,86,2,166Reverso 7_de5899274d78dc1e2b684e7206321d8888199922_out.chart,,3.93,107,79,166,97,,,false ,SM,,,0.5607476636,0.7594936709,0.3614457831,0.618556701,14.24299065,19.29113924,9.180722892,15.71134021
x,86,3,167Shida 018_9930c11b964393e3112e43cd5fb7b44f3e939120_out.chart,,4.12,102,86,178,97,,,false ,SM,,,0.5882352941,0.6976744186,0.3370786517,0.618556701,14.94117647,17.72093023,8.561797753,15.71134021
,87,1,168Shida 021_ad6d7b78d4ec5e71b9d68bf210dd11b0a2327327_out.chart,,4.22,88,99,194,108,,,false ,SM,,,0.6818181818,0.6060606061,0.3092783505,0.5555555556,17.31818182,15.39393939,7.855670103,14.11111111
,87,2,169Spirals 2_5312408358a4f6abb5d0a5812b11b0e4beef5355_out.chart,,4.12,112,86,180,96,,,false ,SM,,,0.5357142857,0.6976744186,0.3333333333,0.625,13.60714286,17.72093023,8.466666667,15.875
,87,3,170Spirals 3_a3f2cbf16cf0e9136c5b0edab9450f47b9400f93_out.chart,,4.04,119,80,183,96,,x,false ,SM,,,0.5042016807,0.75,0.3278688525,0.625,12.80672269,19.05,8.327868852,15.875
x,88,1,171Swirl Rib_1e0b58aa68965752a17656a395308710aacc0de7_out.chart,,4.14,97,95,144,106,,,false ,SM,,,0.618556701,0.6315789474,0.4166666667,0.5660377358,15.71134021,16.04210526,10.58333333,14.37735849
,false ,false ,172Test leaf_3d257b952adecf7ef003ad6b5688a14a724c4a1c_out.chart,,,,,,,,,Error: Operation Error: trying to xfer from empty needle b-120.,SM,,,#DIV/0!,#DIV/0!,#DIV/0!,#DIV/0!,#DIV/0!,#DIV/0!,#DIV/0!,#DIV/0!
x,88,2,173Trellis 2_f9f51966a1defcc552b8ac39e1ac8683f5a11591_out.chart,,4.01,104,81,171,97,note a single continuous pickup,,false ,SM,,,0.5769230769,0.7407407407,0.350877193,0.618556701,14.65384615,18.81481481,8.912280702,15.71134021
,false ,false ,174wallpaper_d28a2643309258108ffe726fbb853b133dea9549_out.chart,,,,,,,,x,Error: Operation Error: trying to xfer from empty needle b-124.,SM,,,#DIV/0!,#DIV/0!,#DIV/0!,#DIV/0!,#DIV/0!,#DIV/0!,#DIV/0!,#DIV/0!
x,88,3,175Waterfall_57de74fd1a0b7e3e7ac8ff1ccb65647a8d2ac24f_out.chart,,3.97,101,85,157,98,,,false ,SM,,,0.5940594059,0.7058823529,0.3821656051,0.612244898,15.08910891,17.92941176,9.707006369,15.55102041
,89,1,176Waterfall_be1c2fbc8af19ce531570b8e8931139ebb0ce02c_out.chart,,3.96,104,89,171,92,,,false ,SM,,,0.5769230769,0.6741573034,0.350877193,0.652173913,14.65384615,17.12359551,8.912280702,16.56521739
,89,2,177Windswept_c76d8b0582606010cf3d4cfe5b1d5a0eba43671a_out.chart,,4.01,102,85,159,100,dropped a few stitches when knitting (in measured version),x,false ,SM,,,0.5882352941,0.7058823529,0.3773584906,0.6,14.94117647,17.92941176,9.58490566,15.24
,89,3,178Basic lace_dc9fe687457e88a1d220e93d596a385eefa913e7_out.chart,,4.32,118,91,185,115,,,false ,SM,,,0.5084745763,0.6593406593,0.3243243243,0.5217391304,12.91525424,16.74725275,8.237837838,13.25217391
x,90,1,179Basketry 2_397b02b05365b609b2aa5c6b5c2f947c4b5f9040_out.chart,,4.06,111,83,169,101,,,false ,SM,,,0.5405405405,0.7228915663,0.3550295858,0.5940594059,13.72972973,18.36144578,9.017751479,15.08910891
x,90,2,180Bear Track_331e2c1f1f5e2aa0d2bfe220442c9578e6c72204_out.chart,,3.97,103,83,156,99,,,false ,SM,,,0.5825242718,0.7228915663,0.3846153846,0.6060606061,14.7961165,18.36144578,9.769230769,15.39393939
x,90,3,181Blue flame_30871b7da7f9ab9f539130ae7d2c3b13816c8920_out.chart,,4.05,101,87,157,99,,,false ,SM,,,0.5940594059,0.6896551724,0.3821656051,0.6060606061,15.08910891,17.51724138,9.707006369,15.39393939
,91,1,182Bud Stitch_b82f002352765210d6d42f15641ee7d136a4a88d_out.chart,,4.09,100,81,167,90,,x,false ,SM,,,0.6,0.7407407407,0.3592814371,0.6666666667,15.24,18.81481481,9.125748503,16.93333333
,91,2,183Bud Stitch_de4d2499369599fb9174bcec507fe5f0d0b827d7_out.chart,,4.07,98,82,154,98,,x,false ,SM,,,0.612244898,0.7317073171,0.3896103896,0.612244898,15.55102041,18.58536585,9.896103896,15.55102041
,91,3,184Crossroads_017e6c43933da80d3fd55568f28617ae39bb140f_out.chart,,4.02,100,86,172,105,,,false ,SM,,,0.6,0.6976744186,0.3488372093,0.5714285714,15.24,17.72093023,8.860465116,14.51428571
,false ,false ,185Dragonskin_86a6e11260ca4dd02f2b960d068270ea5d08e783_out.chart,,,,,,,,,This pattern required an offset of -3 in line 60.,SM,,,#DIV/0!,#DIV/0!,#DIV/0!,#DIV/0!,#DIV/0!,#DIV/0!,#DIV/0!,#DIV/0!
,92,1,186Experiment_7d007dde47ca3bfe79838ab6268979dcae3608c2_out.chart,,4.04,103,71,171,103,,x,false ,SM,,,0.5825242718,0.8450704225,0.350877193,0.5825242718,14.7961165,21.46478873,8.912280702,14.7961165
,92,2,187Eyecatcher_cf90279bcbab6f8658997adc452fa24a58b2213b_out.chart,,4.21,99,90,206,98,,,false ,SM,,,0.6060606061,0.6666666667,0.2912621359,0.612244898,15.39393939,16.93333333,7.398058252,15.55102041
,92,3,188faux cable_f349bd6c1e09402f7f07baece9dd4e54f42155f4_out.chart,,4.06,77,94,201,106,,,false ,SM,,,0.7792207792,0.6382978723,0.2985074627,0.5660377358,19.79220779,16.21276596,7.582089552,14.37735849
,false ,false ,189Friendship_09c7ed47fe890e7a206ba344c5f16a86b6d5ddc3_out.chart,,,,,,,,x,Error: Operation Error: trying to xfer from empty needle b-78.,SM,,,#DIV/0!,#DIV/0!,#DIV/0!,#DIV/0!,#DIV/0!,#DIV/0!,#DIV/0!,#DIV/0!
,93,1,190Green lace_347d1bc92ffffc44736657a469bff6939c151b79_out.chart,,3.99,122,74,182,102,,x,false ,SM,,,0.4918032787,0.8108108108,0.3296703297,0.5882352941,12.49180328,20.59459459,8.373626374,14.94117647
,93,2,191Hagakiri 2_f9a94b43d1429c4bcecb980be18acf3b23395f3f_out.chart,,4.05,110,80,164,98,,x,false ,SM,,,14.81481481,0.75,0.3658536585,0.612244898,376.2962963,19.05,9.292682927,15.55102041
,93,3,192Horseshoes_de1ef9c057641de0ab57a1e8be82a3835289cdc4_out.chart,,4.05,99,85,171,102,,x,false ,SM,,,14.81481481,0.7058823529,0.350877193,0.5882352941,376.2962963,17.92941176,8.912280702,14.94117647
x,94,1,193lace block_d55c4c93b813fbd84a9126923055cb8d14ade5c8_out.chart,,4.17,111,80,176,99,,,false ,SM,,,0.5405405405,0.75,0.3409090909,0.6060606061,13.72972973,19.05,8.659090909,15.39393939
x,94,2,194Lois Right_1d544438436b7dc7f701403b47264846ffe30312_out.chart,,3.84,104,77,158,91,,,false ,SM,,,0.5769230769,0.7792207792,0.3797468354,0.6593406593,14.65384615,19.79220779,9.64556962,16.74725275
x,94,3,195Make a Lap_a3be163c886b5ed73261ecaca857aa820a6758b5_out.chart,,4.04,98,81,169,102,,,false ,SM,,,0.612244898,0.7407407407,0.3550295858,0.5882352941,15.55102041,18.81481481,9.017751479,14.94117647
,95,1,196Maple Leaf_d097ab725a5d47c8b94be475a6466dae809b0581_out.chart,,3.83,114,81,185,96,,x,false ,SM,,,0.5263157895,0.7407407407,0.3243243243,0.625,13.36842105,18.81481481,8.237837838,15.875
,95,2,197Maple Leaf_db143c6dc981708b4d11b6b11f37d47b16ac22c6_out.chart,,3.80,116,82,179,99,,x,false ,SM,,,0.5172413793,0.7317073171,0.3351955307,0.6060606061,13.13793103,18.58536585,8.51396648,15.39393939
,95,3,198Mock cable_50a629448e2ebffe6f53514a44f8fd925b014033_out.chart,,3.26,83,88,152,110,,,false ,SM,,,0.7228915663,0.6818181818,0.3947368421,0.5454545455,18.36144578,17.31818182,10.02631579,13.85454545
x,96,1,199Mock cable_8d5c9ef371ab521d21e236fed5a154a075d5f9e6_out.chart,,4.09,96,86,168,100,,,false ,SM,,,0.625,0.6976744186,0.3571428571,0.6,15.875,17.72093023,9.071428571,15.24
x,96,2,200Mock Cable_ba459c2e8f78b2ba22cef0df1cefee96a86664ff_out.chart,,4.00,105,74,157,94,,,false ,SM,,,0.5714285714,0.8108108108,0.3821656051,0.6382978723,14.51428571,20.59459459,9.707006369,16.21276596
x,96,3,201Pfauenauge_2207e9891885c1fd6e8d42d00268b63c793d03a0_out.chart,,3.96,101,81,169,99,,,false ,SM,,,0.5940594059,0.7407407407,0.3550295858,0.6060606061,15.08910891,18.81481481,9.017751479,15.39393939
,97,1,202Ribbon Rib_5a3b71ad8d9cb57c484d3d0cf5b1faa2f6700ceb_out.chart,,3.57,101,86,159,94,,x,false ,SM,,,0.5940594059,0.6976744186,0.3773584906,0.6382978723,15.08910891,17.72093023,9.58490566,16.21276596
,97,2,203Rustic rib_ca2dc85a95b019554e2b434d42b62cf181d03d12_out.chart,,4.07,92,91,152,121,,,false ,SM,,,0.652173913,0.6593406593,0.3947368421,0.4958677686,16.56521739,16.74725275,10.02631579,12.59504132
,97,3,204Seaweeds 2_9b0d838121772e965c9a6acdcf929ea0b0e244b7_out.chart,,3.90,100,85,170,105,,,false ,SM,,,0.6,0.7058823529,0.3529411765,0.5714285714,15.24,17.92941176,8.964705882,14.51428571
x,98,1,205Seeded Rib_72f5463d67160bdd1d7eff0d9df9cd0d24df3f87_out.chart,,3.97,99,82,169,102,,,false ,SM,,,0.6060606061,0.7317073171,0.3550295858,0.5882352941,15.39393939,18.58536585,9.017751479,14.94117647
x,98,2,206Shawl test_1afa939d78c1feb6425607d4745fcf44f0adfef3_out.chart,,3.83,99,79,159,89,verified: this is (and should be) stockinette + one line of garter,,false ,SM,,,0.6060606061,0.7594936709,0.3773584906,0.6741573034,15.39393939,19.29113924,9.58490566,17.12359551
,false ,false ,207Short Rows_b64eb06c38677dc53e0fd3af985714494d5d1833_out.chart,,,,,,,,,Error: Operation Error: trying to xfer from empty needle f-60.,SM,,,#DIV/0!,#DIV/0!,#DIV/0!,#DIV/0!,#DIV/0!,#DIV/0!,#DIV/0!,#DIV/0!
x,98,3,208Split Leaf_474e5dda0b4c17146bdf2d1e4bc73f81b34cf181_out.chart,,3.92,107,79,154,102,,,false ,SM,,,0.5607476636,0.7594936709,0.3896103896,0.5882352941,14.24299065,19.29113924,9.896103896,14.94117647
x,99,1,209Split Leaf_965ee6d1699db54e303f1df2ba3225d7649458d1_out.chart,,3.87,101,83,170,99,,,false ,SM,,,0.5940594059,0.7228915663,0.3529411765,0.6060606061,15.08910891,18.36144578,8.964705882,15.39393939
x,99,2,210Suncatcher_84d686e39428c5d1dd8f9d02f0b107f44539b09f_out.chart,,3.90,110,81,163,102,,,false ,SM,,,0.5454545455,0.7407407407,0.3680981595,0.5882352941,13.85454545,18.81481481,9.349693252,14.94117647
x,99,3,211Switchback_e142f6b01da572790a9003fb44f4df50f3b82d74_out.chart,,3.99,107,75,170,97,,,false ,SM,,,0.5607476636,0.8,0.3529411765,0.618556701,14.24299065,20.32,8.964705882,15.71134021
x,100,1,212Three plus_bb2399467d7b26b800d5e41570bec392b9003251_out.chart,,4.21,109,86,187,98,,,false ,SM,,,0.5504587156,0.6976744186,0.320855615,0.612244898,13.98165138,17.72093023,8.14973262,15.55102041
x,100,2,213Trapezoids_249b43673706477a62b26227158a6a5655ddf715_out.chart,,3.98,101,82,157,91,,,false ,SM,,,0.5940594059,0.7317073171,0.3821656051,0.6593406593,15.08910891,18.58536585,9.707006369,16.74725275
x,100,3,214Vaduz Cowl_0676e4457e52319e0f96c79212aed2edb8267575_out.chart,,3.87,98,83,172,89,,,false ,SM,,,0.612244898,0.7228915663,0.3488372093,0.6741573034,15.55102041,18.36144578,8.860465116,17.12359551
,101,1,215Wilderness_0460d456dcfa0f550ffe2f588fe9fd636c35cf5e_out.chart,,,,,,,,x,false ,SM,,,#DIV/0!,#DIV/0!,#DIV/0!,#DIV/0!,#DIV/0!,#DIV/0!,#DIV/0!,#DIV/0!
,101,2,216Zopfmuster_b07fee834032b05a2caa37a96ec7075cd7fe323b_out.chart,,3.93,89,82,147,94,,,false ,SM,,,0.6741573034,0.7317073171,0.4081632653,0.6382978723,17.12359551,18.58536585,10.36734694,16.21276596
,101,3,217Autumn Lace_ddad85f02738d8c741bd08c6d7a11df995eb27a2_out.chart,,3.85,114,80,164,102,,x,false ,SM,,,0.5263157895,0.75,0.3658536585,0.5882352941,13.36842105,19.05,9.292682927,14.94117647
,102,1,218Bead Stitch_d7d5b9758f75d63a5310c3326b0b028a69499def_out.chart,,3.86,117,79,169,111,,x,false ,SM,,,0.5128205128,0.7594936709,0.3550295858,0.5405405405,13.02564103,19.29113924,9.017751479,13.72972973
,102,2,219Bias Column_f60e4d13c8de05b6418f16035a2190aeebe957d3_out.chart,,,,,,,,,false ,SM,,,#DIV/0!,#DIV/0!,#DIV/0!,#DIV/0!,#DIV/0!,#DIV/0!,#DIV/0!,#DIV/0!
,102,3,220bird stitch_0003fcdd5852424f2903141f410736463be7f607_out.chart,,3.89,93,82,159,97,,x,false ,SM,,,0.6451612903,0.7317073171,0.3773584906,0.618556701,16.38709677,18.58536585,9.58490566,15.71134021
,false ,false ,221Blattmuster_a9eb4b9a52697e3b8f159a857646205cddff38c4_out.chart,,,,,,,,,This pattern required an offset of 3 in line 60.,SM,,,#DIV/0!,#DIV/0!,#DIV/0!,#DIV/0!,#DIV/0!,#DIV/0!,#DIV/0!,#DIV/0!
,false ,false ,222Bottle Lace_efb3faae86fce592a116cdfce57b5cbb9ad6400f_out.chart,,,,,,,,x,Error: Operation Error: trying to xfer from empty needle b-116.,SM,,,#DIV/0!,#DIV/0!,#DIV/0!,#DIV/0!,#DIV/0!,#DIV/0!,#DIV/0!,#DIV/0!
x,103,1,223Cowboy Cowl_71be1c58c3c7538a113bc44b6394094bd2c80fb7_out.chart,,3.81,99,85,170,100,,,false ,SM,,,0.6060606061,0.7058823529,0.3529411765,0.6,15.39393939,17.92941176,8.964705882,15.24
x,103,2,224Dance steps_269d87802f3684050a84d3e5c02c7748a59e13a3_out.chart,,3.89,109,79,164,95,,,false ,SM,,,0.5504587156,0.7594936709,0.3658536585,0.6315789474,13.98165138,19.29113924,9.292682927,16.04210526
x,103,3,225Dog Sweater_017fd832a7992c920362a581b990c56b21c6067e_out.chart,,4.31,129,79,187,107,,,false ,SM,,,0.4651162791,0.7594936709,0.320855615,0.5607476636,11.81395349,19.29113924,8.14973262,14.24299065
,false ,false ,226Dragon Skin_670e6cd48aa47783f0033aacff07a2d07b1a00ff_out.chart,,,,,,,,,This pattern required an offset of -3 in line 60.,SM,,,#DIV/0!,#DIV/0!,#DIV/0!,#DIV/0!,#DIV/0!,#DIV/0!,#DIV/0!,#DIV/0!
,104,1,227Eyelet Leaf_5e0a6e38507df7eedb30b3fa729eb89bc070a03b_out.chart,,3.89,103,79,172,95,,,false ,SM,,,0.5825242718,0.7594936709,0.3488372093,0.6315789474,14.7961165,19.29113924,8.860465116,16.04210526
,104,2,228Floral mesh_df21a2f43e613445f79066d30e9b8a81dd12ece8_out.chart,,3.87,107,79,166,95,,x,false ,SM,,,0.5607476636,0.7594936709,0.3614457831,0.6315789474,14.24299065,19.29113924,9.180722892,16.04210526
,false ,false ,229Gull Stitch_42f95009dfb5465b2035811179ca1a7db729377c_out.chart,,,,,,,,,This pattern required an offset of -3 in line 58.,SM,,,#DIV/0!,#DIV/0!,#DIV/0!,#DIV/0!,#DIV/0!,#DIV/0!,#DIV/0!,#DIV/0!
,104,3,230hmmm (copy)_5005a57505ff129f095195c8110d9adc9b3c6358_out.chart,,,,,,,,x,false ,SM,,,#DIV/0!,#DIV/0!,#DIV/0!,#DIV/0!,#DIV/0!,#DIV/0!,#DIV/0!,#DIV/0!
,105,1,231improvising_1f998aa570c80b46ba6c3b971b5fb57950f14b04_out.chart,,,,,,,,x,false ,SM,,,#DIV/0!,#DIV/0!,#DIV/0!,#DIV/0!,#DIV/0!,#DIV/0!,#DIV/0!,#DIV/0!
,105,2,232Interlochen_da89a5818ab364ef77d9b27c43c471416bf8118f_out.chart,,,,,,,,x,false ,SM,,,#DIV/0!,#DIV/0!,#DIV/0!,#DIV/0!,#DIV/0!,#DIV/0!,#DIV/0!,#DIV/0!
,105,3,233Kabuki Lace_f02b6fbaea7d8c8e228ab4a3f56ca8ca6c4aac70_out.chart,,,,,,,,,false ,SM,,,#DIV/0!,#DIV/0!,#DIV/0!,#DIV/0!,#DIV/0!,#DIV/0!,#DIV/0!,#DIV/0!
,106,1,234Knotted Rib_50ea7644d439e0fc79c64e13e14fa86e8ded5430_out.chart,,,,,,,,,false ,SM,,,#DIV/0!,#DIV/0!,#DIV/0!,#DIV/0!,#DIV/0!,#DIV/0!,#DIV/0!,#DIV/0!
,106,2,235Knotty lace_6040c3c97d80fcc1d05025f250d3372159abaaa3_out.chart,,,,,,,,x,false ,SM,,,#DIV/0!,#DIV/0!,#DIV/0!,#DIV/0!,#DIV/0!,#DIV/0!,#DIV/0!,#DIV/0!
,106,3,236Lace edging_1c7347b509cc88452decec86d11fe6d106d2fd4a_out.chart,,,,,,,,x,false ,SM,,,#DIV/0!,#DIV/0!,#DIV/0!,#DIV/0!,#DIV/0!,#DIV/0!,#DIV/0!,#DIV/0!
,107,1,237Lacy Leaves_26a3cf70e356330f329852bbb5bdc96133d57760_out.chart,,,,,,,,x,false ,SM,,,#DIV/0!,#DIV/0!,#DIV/0!,#DIV/0!,#DIV/0!,#DIV/0!,#DIV/0!,#DIV/0!
,false ,false ,238leaf (copy)_6cc08446a8f84aaa2bcde17280ff2137377dc8d7_out.chart,,,,,,,,,Error: Operation Error: trying to xfer from empty needle f-103.,SM,,,#DIV/0!,#DIV/0!,#DIV/0!,#DIV/0!,#DIV/0!,#DIV/0!,#DIV/0!,#DIV/0!
,false ,false ,239Little Bees_1e47dff0f57ffbc143b73404e4e2e56a737d7abe_out.chart,,,,,,,,x,This pattern requires an increase.,SM,,,#DIV/0!,#DIV/0!,#DIV/0!,#DIV/0!,#DIV/0!,#DIV/0!,#DIV/0!,#DIV/0!
,107,2,240Mini Leaf I_d737d6092ab4fd18131f4a90536840883efea3d0_out.chart,,,,,,,,x,false ,SM,,,#DIV/0!,#DIV/0!,#DIV/0!,#DIV/0!,#DIV/0!,#DIV/0!,#DIV/0!,#DIV/0!
,107,3,241Moss stitch_9bad1f1ae2bc13001bd8f30adcada9adbd07d2d4_out.chart,,,,,,,,,false ,SM,,,#DIV/0!,#DIV/0!,#DIV/0!,#DIV/0!,#DIV/0!,#DIV/0!,#DIV/0!,#DIV/0!
,108,1,242New parquet_f4220b3a7823ea44bd839810b14f6aff2472cc1b_out.chart,,,,,,,,,false ,SM,,,#DIV/0!,#DIV/0!,#DIV/0!,#DIV/0!,#DIV/0!,#DIV/0!,#DIV/0!,#DIV/0!
,108,2,243Ogee Design_5a4c8ff0f31e02bfeadca97a81bcae8a5a05a036_out.chart,,,,,,,,x,false ,SM,,,#DIV/0!,#DIV/0!,#DIV/0!,#DIV/0!,#DIV/0!,#DIV/0!,#DIV/0!,#DIV/0!
,108,3,244Old friends_1fef2e7b609670c149a7f6834e2d67e0f54dd061_out.chart,,,,,,,,x,false ,SM,,,#DIV/0!,#DIV/0!,#DIV/0!,#DIV/0!,#DIV/0!,#DIV/0!,#DIV/0!,#DIV/0!
,109,1,245Paw Pattern_282d3fdd43b09ad8464da6e9be5c12fb10fb0929_out.chart,,,,,,,,x,false ,SM,,,#DIV/0!,#DIV/0!,#DIV/0!,#DIV/0!,#DIV/0!,#DIV/0!,#DIV/0!,#DIV/0!
,109,2,246Pigtail rib_1d6b69efdc13b2a817dd226bad016b98c4503e42_out.chart,,,,,,,,,false ,SM,,,#DIV/0!,#DIV/0!,#DIV/0!,#DIV/0!,#DIV/0!,#DIV/0!,#DIV/0!,#DIV/0!
,109,3,247Razor Shell_50b853bc738975b07c7822581524902d727350e0_out.chart,,,,,,,,x,false ,SM,,,#DIV/0!,#DIV/0!,#DIV/0!,#DIV/0!,#DIV/0!,#DIV/0!,#DIV/0!,#DIV/0!
,110,1,248Ridgeline 4_2237dc1607694a04c01fd836715a2a0c17f69d98_out.chart,,,,,,,,,false ,SM,,,#DIV/0!,#DIV/0!,#DIV/0!,#DIV/0!,#DIV/0!,#DIV/0!,#DIV/0!,#DIV/0!
,110,2,249Sample Lace_6e854d50bebb0baad97bd4310732b98cb66d684b_out.chart,,,,,,,,,false ,SM,,,#DIV/0!,#DIV/0!,#DIV/0!,#DIV/0!,#DIV/0!,#DIV/0!,#DIV/0!,#DIV/0!
,110,3,250Seed stitch_9a84d5cb230f5a92eee00115169875ac5e35cf0f_out.chart,,,,,,,,,false ,SM,,,#DIV/0!,#DIV/0!,#DIV/0!,#DIV/0!,#DIV/0!,#DIV/0!,#DIV/0!,#DIV/0!
,111,1,251serendipity_b1e4e974c0ad2ee573ec610477a25ecb0920d655_out.chart,,,,,,,,x,false ,SM,,,#DIV/0!,#DIV/0!,#DIV/0!,#DIV/0!,#DIV/0!,#DIV/0!,#DIV/0!,#DIV/0!
,111,2,252simple mesh_08984480502302bd5dc0cf1ec2ec53a40d2a85bd_out.chart,,,,,,,,,false ,SM,,,#DIV/0!,#DIV/0!,#DIV/0!,#DIV/0!,#DIV/0!,#DIV/0!,#DIV/0!,#DIV/0!
,111,3,253Spiral ribs_69d03065e11446a946b5459a3792c61f055245f1_out.chart,,,,,,,,,false ,SM,,,#DIV/0!,#DIV/0!,#DIV/0!,#DIV/0!,#DIV/0!,#DIV/0!,#DIV/0!,#DIV/0!
,false ,false ,254test leaves_11d63a0aac51a923fe0659beec3505cc446ae466_out.chart,,,,,,,,x,This pattern required an offset of -3 in line 60.,SM,,,#DIV/0!,#DIV/0!,#DIV/0!,#DIV/0!,#DIV/0!,#DIV/0!,#DIV/0!,#DIV/0!
,112,1,255Test repeat_4963b6d45ef46cb7ff4078183b2cbf103eca60b7_out.chart,,,,,,,,,false ,SM,,,#DIV/0!,#DIV/0!,#DIV/0!,#DIV/0!,#DIV/0!,#DIV/0!,#DIV/0!,#DIV/0!
,112,2,256Toledo Lace_b2bfd0c9b072e047ac31150908b4a1d7325e4855_out.chart,,,,,,,,x,false ,SM,,,#DIV/0!,#DIV/0!,#DIV/0!,#DIV/0!,#DIV/0!,#DIV/0!,#DIV/0!,#DIV/0!
,112,3,257Waffelrippe_08f3533b8ce923d36583f5e4fd0796daea7d3f96_out.chart,,,,,,,,,false ,SM,,,#DIV/0!,#DIV/0!,#DIV/0!,#DIV/0!,#DIV/0!,#DIV/0!,#DIV/0!,#DIV/0!
,113,1,258Washboard 2_fd665c84db22fc54a69a6c8392c477c5d85ba0dd_out.chart,,,,,,,,,false ,SM,,,#DIV/0!,#DIV/0!,#DIV/0!,#DIV/0!,#DIV/0!,#DIV/0!,#DIV/0!,#DIV/0!
,113,2,259Wheatfields_3f7436147c5dd651d2cea3d6c2faaaf335d16f63_out.chart,,,,,,,,,false ,SM,,,#DIV/0!,#DIV/0!,#DIV/0!,#DIV/0!,#DIV/0!,#DIV/0!,#DIV/0!,#DIV/0!
,113,3,260Zig-zag rib_4bd5997c544b0d0b20675511f610eb39afe26136_out.chart,,,,,,,,,false ,SM,,,#DIV/0!,#DIV/0!,#DIV/0!,#DIV/0!,#DIV/0!,#DIV/0!,#DIV/0!,#DIV/0!
,114,1,261Ackerfurchen_5f41fbdb48e7e6e6f017eef02d1a3f55f631759d_out.chart,,,,,,,,,false ,SM,,,#DIV/0!,#DIV/0!,#DIV/0!,#DIV/0!,#DIV/0!,#DIV/0!,#DIV/0!,#DIV/0!
,114,2,262Blumenmuster_39a3ead06efe18817624acfdd007385ea46d7535_out.chart,,,,,,,,,false ,SM,,,#DIV/0!,#DIV/0!,#DIV/0!,#DIV/0!,#DIV/0!,#DIV/0!,#DIV/0!,#DIV/0!
,false ,false ,263Boulder Lace_6ab76ca2e6e1b00f112eddbec355600162c014fb_out.chart,,,,,,,,,Error: Operation Error: trying to xfer from empty needle f-60.,SM,,,#DIV/0!,#DIV/0!,#DIV/0!,#DIV/0!,#DIV/0!,#DIV/0!,#DIV/0!,#DIV/0!
,114,3,264braided leaf_aecd9e96f2864b0d55b47e012ec115abe13b576c_out.chart,,,,,,,,x,false ,SM,,,#DIV/0!,#DIV/0!,#DIV/0!,#DIV/0!,#DIV/0!,#DIV/0!,#DIV/0!,#DIV/0!
,115,1,265Breites Herz_b0d16f4907d49dd3495464f5791e21731974af13_out.chart,,,,,,,,,false ,SM,,,#DIV/0!,#DIV/0!,#DIV/0!,#DIV/0!,#DIV/0!,#DIV/0!,#DIV/0!,#DIV/0!
,115,2,266Broken waves_54c7e7da8bd294952a0e942fbb53aa99410a6ea7_out.chart,,,,,,,,,false ,SM,,,#DIV/0!,#DIV/0!,#DIV/0!,#DIV/0!,#DIV/0!,#DIV/0!,#DIV/0!,#DIV/0!
,115,3,267BS-III-102-2_3c5dfbb190ec0b13b764acdd92eb03d211d9c52a_out.chart,,,,,,,,,false ,SM,,,#DIV/0!,#DIV/0!,#DIV/0!,#DIV/0!,#DIV/0!,#DIV/0!,#DIV/0!,#DIV/0!
,false ,false ,268Cable Triple_e90b94f3607bb17ca7bcc372e0679c4c69e3c58d_out.chart,,,,,,,,,Error: Operation Error: trying to xfer from empty needle b-114.,SM,,,#DIV/0!,#DIV/0!,#DIV/0!,#DIV/0!,#DIV/0!,#DIV/0!,#DIV/0!,#DIV/0!
,116,1,269Candelabra 1_3450c84952455c283b1c00908d0898d7e6167c94_out.chart,,,,,,,,x,false ,SM,,,#DIV/0!,#DIV/0!,#DIV/0!,#DIV/0!,#DIV/0!,#DIV/0!,#DIV/0!,#DIV/0!
,116,2,270Candelabra 2_95567bd4131de767e56d4635c4ae57c914d40ed7_out.chart,,,,,,,,x,false ,SM,,,#DIV/0!,#DIV/0!,#DIV/0!,#DIV/0!,#DIV/0!,#DIV/0!,#DIV/0!,#DIV/0!
,116,3,271Celtic Strip_7bf940a903f695e8b087329cc6a074159759d3c1_out.chart,,,,,,,,,false ,SM,,,#DIV/0!,#DIV/0!,#DIV/0!,#DIV/0!,#DIV/0!,#DIV/0!,#DIV/0!,#DIV/0!
,117,1,272Chevron Lace_2a6d2e552525e93bb613ff7b3ebcb14f62e55303_out.chart,,,,,,,,,false ,SM,,,#DIV/0!,#DIV/0!,#DIV/0!,#DIV/0!,#DIV/0!,#DIV/0!,#DIV/0!,#DIV/0!
,117,2,273Chinese Lace_86917abb01659b35f2867702ea419d9ad02342fc_out.chart,,,,,,,,x,false ,SM,,,#DIV/0!,#DIV/0!,#DIV/0!,#DIV/0!,#DIV/0!,#DIV/0!,#DIV/0!,#DIV/0!
,117,3,274Chinese Lace_bbe5134014cf95430ccaef8e5ef2c8bce5324265_out.chart,,,,,,,,,false ,SM,,,#DIV/0!,#DIV/0!,#DIV/0!,#DIV/0!,#DIV/0!,#DIV/0!,#DIV/0!,#DIV/0!
,118,1,275Cobblestones_a3890c78c1bcfb48d915660f97702837dde4f9f4_out.chart,,,,,,,,,false ,SM,,,#DIV/0!,#DIV/0!,#DIV/0!,#DIV/0!,#DIV/0!,#DIV/0!,#DIV/0!,#DIV/0!
,118,2,276Diagonal Rib_88274db5f982e805bf38851189f360c42fd9a596_out.chart,,,,,,,,,false ,SM,,,#DIV/0!,#DIV/0!,#DIV/0!,#DIV/0!,#DIV/0!,#DIV/0!,#DIV/0!,#DIV/0!
,118,3,277Drops stitch_db1be9453a080fd3f890ab99ab154740ebe7630c_out.chart,,,,,,,,x,false ,SM,,,#DIV/0!,#DIV/0!,#DIV/0!,#DIV/0!,#DIV/0!,#DIV/0!,#DIV/0!,#DIV/0!
,119,1,278feather lace_705c38d997737c1f6ff7cb6501ab3d665bca17e8_out.chart,,,,,,,,x,false ,SM,,,#DIV/0!,#DIV/0!,#DIV/0!,#DIV/0!,#DIV/0!,#DIV/0!,#DIV/0!,#DIV/0!
,119,2,279Gartenmuster_67ba056c5d64c92786a0a68d8906b032f6a5fbbd_out.chart,,,,,,,,,false ,SM,,,#DIV/0!,#DIV/0!,#DIV/0!,#DIV/0!,#DIV/0!,#DIV/0!,#DIV/0!,#DIV/0!
,119,3,280Kaiserkronen_6bff821629dbcf8ba93ee86a845acc33e093d420_out.chart,,,,,,,,,false ,SM,,,#DIV/0!,#DIV/0!,#DIV/0!,#DIV/0!,#DIV/0!,#DIV/0!,#DIV/0!,#DIV/0!
,120,1,281lace beading_1bafc06d97ed56d73887cee1021fa8cfe28e8b1e_out.chart,,,,,,,,,false ,SM,,,#DIV/0!,#DIV/0!,#DIV/0!,#DIV/0!,#DIV/0!,#DIV/0!,#DIV/0!,#DIV/0!
,120,2,282Lace columns_7864a7f608fc3918a79d8e0b29c977b95b6208be_out.chart,,,,,,,,,false ,SM,,,#DIV/0!,#DIV/0!,#DIV/0!,#DIV/0!,#DIV/0!,#DIV/0!,#DIV/0!,#DIV/0!
,120,3,283Lace pattern_056989491127dad1e6bd0dc87e25232edef65e41_out.chart,,,,,,,,x,false ,SM,,,#DIV/0!,#DIV/0!,#DIV/0!,#DIV/0!,#DIV/0!,#DIV/0!,#DIV/0!,#DIV/0!
,121,1,284Lattice Lace_e51b0207fb284919e87933004881c6f3aed0c9ce_out.chart,,,,,,,,,false ,SM,,,#DIV/0!,#DIV/0!,#DIV/0!,#DIV/0!,#DIV/0!,#DIV/0!,#DIV/0!,#DIV/0!
,121,2,285Linen stitch_aa1a12ca31cd7b9cb31e0c70e7b96db2bf406e71_out.chart,,,,,,,,,false ,SM,,,#DIV/0!,#DIV/0!,#DIV/0!,#DIV/0!,#DIV/0!,#DIV/0!,#DIV/0!,#DIV/0!
,121,3,286Little twist_053239550a0ce8ce5ac1e28627fb4ed3dad5fc23_out.chart,,,,,,,,,false ,SM,,,#DIV/0!,#DIV/0!,#DIV/0!,#DIV/0!,#DIV/0!,#DIV/0!,#DIV/0!,#DIV/0!
,122,1,287Mini Leaf II_af000b40e9f5a5e9b257bb36a3efcf03941fe76a_out.chart,,,,,,,,x,false ,SM,,,#DIV/0!,#DIV/0!,#DIV/0!,#DIV/0!,#DIV/0!,#DIV/0!,#DIV/0!,#DIV/0!
,122,2,288Pattern XIII_250b5ff17458b0a74d19ff1ba49bdb55df724a3a_out.chart,,,,,,,,x,false ,SM,,,#DIV/0!,#DIV/0!,#DIV/0!,#DIV/0!,#DIV/0!,#DIV/0!,#DIV/0!,#DIV/0!
,122,3,289pointy edges_e1c781fc75ad08edd176c0d39f59929af985a67e_out.chart,,,,,,,,x,false ,SM,,,#DIV/0!,#DIV/0!,#DIV/0!,#DIV/0!,#DIV/0!,#DIV/0!,#DIV/0!,#DIV/0!
,123,1,290Purse Stitch_b56fa5c6cdce49fc31840a83ba47a6aa7c4bd596_out.chart,,,,,,,,,false ,SM,,,#DIV/0!,#DIV/0!,#DIV/0!,#DIV/0!,#DIV/0!,#DIV/0!,#DIV/0!,#DIV/0!
,123,2,291purse stitch_e0e87136edc5c88f2da86b3e602ced0ac220f13a_out.chart,,,,,,,note single cont pickup at swatch edge,,false ,SM,,,#DIV/0!,#DIV/0!,#DIV/0!,#DIV/0!,#DIV/0!,#DIV/0!,#DIV/0!,#DIV/0!
,123,3,292Random 5 x 5_95059eba367042968d5a6cac2062bc1029247854_out.chart,,,,,,,,,false ,SM,,,#DIV/0!,#DIV/0!,#DIV/0!,#DIV/0!,#DIV/0!,#DIV/0!,#DIV/0!,#DIV/0!
,124,1,293Rib and welt_175b37647bf713a196a5963c3aeb89f8fdda418b_out.chart,,,,,,,,,false ,SM,,,#DIV/0!,#DIV/0!,#DIV/0!,#DIV/0!,#DIV/0!,#DIV/0!,#DIV/0!,#DIV/0!
,124,2,294Scarf Stitch_b86575f3386aaad2b8d0ed559d5877f4f354b469_out.chart,,,,,,,,,false ,SM,,,#DIV/0!,#DIV/0!,#DIV/0!,#DIV/0!,#DIV/0!,#DIV/0!,#DIV/0!,#DIV/0!
,124,3,295Sequence 7-2_960cb92b81482fcaf22ab072760839b67fafa968_out.chart,,,,,,,,,false ,SM,,,#DIV/0!,#DIV/0!,#DIV/0!,#DIV/0!,#DIV/0!,#DIV/0!,#DIV/0!,#DIV/0!
,125,1,296Switchback 2_eb31914837cf958d2ed9d5b7759f74c32f9de9d6_out.chart,,,,,,,,,false ,SM,,,#DIV/0!,#DIV/0!,#DIV/0!,#DIV/0!,#DIV/0!,#DIV/0!,#DIV/0!,#DIV/0!
,125,2,297Turkish flat_9f89babdc18ecb6524d731eaaff9c58556df8829_out.chart,,,,,,,,x,false ,SM,,,#DIV/0!,#DIV/0!,#DIV/0!,#DIV/0!,#DIV/0!,#DIV/0!,#DIV/0!,#DIV/0!
,125,3,298Tweed stitch_2641cc2f96c71d513b361fa0627f2c31e41f41d8_out.chart,,,,,,,,,false ,SM,,,#DIV/0!,#DIV/0!,#DIV/0!,#DIV/0!,#DIV/0!,#DIV/0!,#DIV/0!,#DIV/0!
,126,1,299Tweed stitch_2697e3919d5d68dcc1707658458dfe087650edc8_out.chart,,,,,,,,,false ,SM,,,#DIV/0!,#DIV/0!,#DIV/0!,#DIV/0!,#DIV/0!,#DIV/0!,#DIV/0!,#DIV/0!
,false ,false ,300wavey chunky_1d8969ba24bef5b07bc4fa08e1b3248ca0970434_out.chart,,,,,,,,x,Error: Operation Error: trying to xfer from empty needle f1.,SM,,,#DIV/0!,#DIV/0!,#DIV/0!,#DIV/0!,#DIV/0!,#DIV/0!,#DIV/0!,#DIV/0!
,126,2,301Arrow Pattern_419c1abfd7db937931148354a5c2107099a52e52_out.chart,,,,,,,,x,false ,SM,,,#DIV/0!,#DIV/0!,#DIV/0!,#DIV/0!,#DIV/0!,#DIV/0!,#DIV/0!,#DIV/0!
,126,3,302Celtic Leaves_06fc4608f4f5bf4e3c688fb2382ac122a8980b1e_out.chart,,,,,,,,x,false ,SM,,,#DIV/0!,#DIV/0!,#DIV/0!,#DIV/0!,#DIV/0!,#DIV/0!,#DIV/0!,#DIV/0!
,127,1,303Climbing Leaf_7d0ef1fb9670ef8f9b6563a90d85c1f2bbbd4836_out.chart,,,,,,,,,false ,SM,,,#DIV/0!,#DIV/0!,#DIV/0!,#DIV/0!,#DIV/0!,#DIV/0!,#DIV/0!,#DIV/0!
,127,2,304Coal Cardigan_fedc75da1e61b26ef42df9de8283760dbc154bd2_out.chart,,,,,,,,,false ,SM,,,#DIV/0!,#DIV/0!,#DIV/0!,#DIV/0!,#DIV/0!,#DIV/0!,#DIV/0!,#DIV/0!
,127,3,305Cocoon Stitch_5edfbc91c57f4e7bc3ef718ad4e3091c2e9b48c7_out.chart,,,,,,,,,false ,SM,,,#DIV/0!,#DIV/0!,#DIV/0!,#DIV/0!,#DIV/0!,#DIV/0!,#DIV/0!,#DIV/0!
,128,1,306Corkscrew rib_57ad96ca0d600d291f7b35331d30f6343fa148fe_out.chart,,,,,,,,,false ,SM,,,#DIV/0!,#DIV/0!,#DIV/0!,#DIV/0!,#DIV/0!,#DIV/0!,#DIV/0!,#DIV/0!
,128,2,307Double spiral_74e2afd678ab77fbbff29a822e026f093e8be564_out.chart,,,,,,,,,false ,SM,,,#DIV/0!,#DIV/0!,#DIV/0!,#DIV/0!,#DIV/0!,#DIV/0!,#DIV/0!,#DIV/0!